eksperimen,category,feature_set,pembanding,RMSE usulan,RMSE pembanding,DM,p_value,signifikan (a=0.05),varian,RMSE usulan (log),RMSE pembanding (log),usulan lebih baik
PharmaSales harian,M01AB,A_lag1,GRNN,3.0338,2.914,3.48,0.0006,True,,,,
PharmaSales harian,M01AB,A_lag1,SeasonalNaive(s=7),3.0338,4.0449,-5.834,0.0,True,,,,
PharmaSales harian,M01AB,B_rich,GRNN,3.0338,2.914,3.48,0.0006,True,,,,
PharmaSales harian,M01AB,B_rich,SeasonalNaive(s=7),3.0338,4.0449,-5.834,0.0,True,,,,
PharmaSales harian,M01AE,A_lag1,RBFNN,2.3027,2.3035,-0.054,0.9568,False,,,,
PharmaSales harian,M01AE,A_lag1,SeasonalNaive(s=7),2.3027,2.8647,-4.515,0.0,True,,,,
PharmaSales harian,M01AE,B_rich,LR,2.1891,2.2025,-0.741,0.4593,False,,,,
PharmaSales harian,M01AE,B_rich,SeasonalNaive(s=7),2.1891,2.8647,-5.868,0.0,True,,,,
PharmaSales harian,N02BA,A_lag1,GRNN,2.1631,2.1503,1.183,0.2379,False,,,,
PharmaSales harian,N02BA,A_lag1,SeasonalNaive(s=7),2.1631,2.6936,-3.996,0.0001,True,,,,
PharmaSales harian,N02BA,B_rich,GRNN,2.1631,2.1503,1.183,0.2379,False,,,,
PharmaSales harian,N02BA,B_rich,SeasonalNaive(s=7),2.1631,2.6936,-3.996,0.0001,True,,,,
PharmaSales harian,N02BE,A_lag1,SeasonalNaive(s=7),14.2362,16.3242,-2.152,0.0322,True,,,,
PharmaSales harian,N02BE,A_lag1,XGBoost,14.2362,14.265,-0.686,0.4934,False,,,,
PharmaSales harian,N02BE,B_rich,SeasonalNaive(s=7),14.2362,16.3242,-2.152,0.0322,True,,,,
PharmaSales harian,N02BE,B_rich,XGBoost,14.2362,14.265,-0.686,0.4934,False,,,,
PharmaSales harian,N05B,A_lag1,GRNN,4.4602,4.3883,2.18,0.03,True,,,,
PharmaSales harian,N05B,A_lag1,SeasonalNaive(s=7),4.4602,5.7878,-5.291,0.0,True,,,,
PharmaSales harian,N05B,B_rich,GRNN,4.4602,4.3883,2.18,0.03,True,,,,
PharmaSales harian,N05B,B_rich,SeasonalNaive(s=7),4.4602,5.7878,-5.291,0.0,True,,,,
PharmaSales harian,N05C,A_lag1,GRNN,1.1449,1.1433,1.137,0.2563,False,,,,
PharmaSales harian,N05C,A_lag1,SeasonalNaive(s=7),1.1449,1.6275,-5.75,0.0,True,,,,
PharmaSales harian,N05C,B_rich,GRNN,1.1946,1.1455,2.796,0.0055,True,,,,
PharmaSales harian,N05C,B_rich,SeasonalNaive(s=7),1.1946,1.6275,-5.42,0.0,True,,,,
PharmaSales harian,R03,A_lag1,LR,8.4016,8.288,1.721,0.0862,False,,,,
PharmaSales harian,R03,A_lag1,SeasonalNaive(s=7),8.4016,10.8831,-4.629,0.0,True,,,,
PharmaSales harian,R03,B_rich,LR,8.4016,8.288,1.721,0.0862,False,,,,
PharmaSales harian,R03,B_rich,SeasonalNaive(s=7),8.4016,10.8831,-4.629,0.0,True,,,,
PharmaSales harian,R06,A_lag1,LR,2.5461,2.546,0.006,0.9954,False,,,,
PharmaSales harian,R06,A_lag1,SeasonalNaive(s=7),2.5461,3.1969,-3.91,0.0001,True,,,,
PharmaSales harian,R06,B_rich,LR,2.5461,2.546,0.006,0.9954,False,,,,
PharmaSales harian,R06,B_rich,SeasonalNaive(s=7),2.5461,3.1969,-3.91,0.0001,True,,,,
PharmaSales mingguan,M01AB,A_lag1,RBFNN,8.8407,8.7108,0.379,0.7064,False,,,,
PharmaSales mingguan,M01AB,A_lag1,SeasonalNaive(s=52),8.8407,10.7591,-1.907,0.063,False,,,,
PharmaSales mingguan,M01AB,B_rich,RBFNN,9.1217,8.6004,1.517,0.1363,False,,,,
PharmaSales mingguan,M01AB,B_rich,SeasonalNaive(s=52),9.1217,10.7591,-1.407,0.1666,False,,,,
PharmaSales mingguan,M01AE,A_lag1,LR,9.4054,9.2275,0.94,0.3522,False,,,,
PharmaSales mingguan,M01AE,A_lag1,SeasonalNaive(s=52),9.4054,10.5276,-1.358,0.1812,False,,,,
PharmaSales mingguan,M01AE,B_rich,LR,9.4054,9.2275,0.94,0.3522,False,,,,
PharmaSales mingguan,M01AE,B_rich,SeasonalNaive(s=52),9.4054,10.5276,-1.358,0.1812,False,,,,
PharmaSales mingguan,N02BA,A_lag1,P_NN,7.1327,6.2623,1.922,0.0609,False,,,,
PharmaSales mingguan,N02BA,A_lag1,SeasonalNaive(s=52),7.1327,7.2071,-0.095,0.9248,False,,,,
PharmaSales mingguan,N02BA,B_rich,P_NN,7.1327,6.2623,1.922,0.0609,False,,,,
PharmaSales mingguan,N02BA,B_rich,SeasonalNaive(s=52),7.1327,7.2071,-0.095,0.9248,False,,,,
PharmaSales mingguan,N02BE,A_lag1,SeasonalNaive(s=52),49.5183,61.8659,-1.734,0.0898,False,,,,
PharmaSales mingguan,N02BE,A_lag1,XGBoost,49.5183,48.7267,1.174,0.2465,False,,,,
PharmaSales mingguan,N02BE,B_rich,SeasonalNaive(s=52),49.5183,61.8659,-1.734,0.0898,False,,,,
PharmaSales mingguan,N02BE,B_rich,XGBoost,49.5183,48.7267,1.174,0.2465,False,,,,
PharmaSales mingguan,N05B,A_lag1,RBFNN,13.2927,12.536,1.087,0.2827,False,,,,
PharmaSales mingguan,N05B,A_lag1,SeasonalNaive(s=52),13.2927,21.3796,-2.491,0.0165,True,,,,
PharmaSales mingguan,N05B,B_rich,RBFNN,13.2927,12.536,1.087,0.2827,False,,,,
PharmaSales mingguan,N05B,B_rich,SeasonalNaive(s=52),13.2927,21.3796,-2.491,0.0165,True,,,,
PharmaSales mingguan,N05C,A_lag1,LR,3.1126,2.9551,1.677,0.1007,False,,,,
PharmaSales mingguan,N05C,A_lag1,SeasonalNaive(s=52),3.1126,4.8831,-2.57,0.0136,True,,,,
PharmaSales mingguan,N05C,B_rich,GRNN,2.9432,2.8868,0.334,0.7403,False,,,,
PharmaSales mingguan,N05C,B_rich,SeasonalNaive(s=52),2.9432,4.8831,-2.724,0.0092,True,,,,
PharmaSales mingguan,R03,A_lag1,LR,26.4546,26.7117,-0.369,0.7142,False,,,,
PharmaSales mingguan,R03,A_lag1,SeasonalNaive(s=52),26.4546,33.6463,-2.209,0.0323,True,,,,
PharmaSales mingguan,R03,B_rich,LR,26.4546,26.7117,-0.369,0.7142,False,,,,
PharmaSales mingguan,R03,B_rich,SeasonalNaive(s=52),26.4546,33.6463,-2.209,0.0323,True,,,,
PharmaSales mingguan,R06,A_lag1,RBFNN,9.7152,8.898,1.346,0.185,False,,,,
PharmaSales mingguan,R06,A_lag1,SeasonalNaive(s=52),9.7152,12.2579,-1.976,0.0543,False,,,,
PharmaSales mingguan,R06,B_rich,RBFNN,9.7152,8.898,1.346,0.185,False,,,,
PharmaSales mingguan,R06,B_rich,SeasonalNaive(s=52),9.7152,12.2579,-1.976,0.0543,False,,,,
Rossmann,,,SeasonalNaive,,,-118.364,0.0,,V0_customers_contemporaneous,0.0871,0.16479,True
Rossmann,,,XGBoost,,,0.992,0.3210346065079861,,V0_customers_contemporaneous,0.0871,0.08698,False
Rossmann,,,SeasonalNaive,,,66.344,0.0,,V1_customers_dropped,0.21246,0.16479,False
Rossmann,,,XGBoost,,,2.76,0.0057863014536891,,V1_customers_dropped,0.21246,0.2121,False
Rossmann,,,SeasonalNaive,,,-44.573,0.0,,V2_customers_lagged,0.14271,0.16479,True
Rossmann,,,XGBoost,,,6.172,6.752569614576487e-10,,V2_customers_lagged,0.14271,0.14177,False
Rossmann,,,SeasonalNaive,,,-59.504,0.0,,V3_sales_lagged,0.13221,0.16479,True
Rossmann,,,XGBoost,,,5.242,1.594376561886435e-07,,V3_sales_lagged,0.13221,0.1314,False
