model,category,feature_set,lag_rule,n_features,n_lags,n_train,n_val,n_test,train_start,train_end,val_start,val_end,test_start,test_end,params,n_grid,scaler,seed,val_MSE,val_RMSE,val_MAE,val_R2,val_nRMSE,val_SMAPE,val_RMSPE,test_MSE,test_RMSE,test_MAE,test_R2,test_nRMSE,test_SMAPE,test_RMSPE,runtime_s
LR,M01AB,B_rich,pacf_train,1,1,1473,315,317,2014-01-03,2018-01-14,2018-01-15,2018-11-25,2018-11-26,2019-10-08,{},1,none,42,7.3605331683239426,2.713030255696376,2.175527732894381,-0.017384247899057126,0.5496732790122904,47.36724549852949,1.3729886170064014,8.566003196532822,2.926773513022971,2.263650267843024,-0.022314126247201305,0.5500801615212979,46.915710730110106,1.864103666903613,0.08
LR-XGB (residual),M01AB,B_rich,pacf_train,1,1,1473,315,317,2014-01-03,2018-01-14,2018-01-15,2018-11-25,2018-11-26,2019-10-08,"{""colsample_bytree"": 0.8, ""learning_rate"": 0.05, ""max_depth"": 5, ""n_estimators"": 100, ""subsample"": 0.8}",12,none,42,7.31303930458088,2.704263172211773,2.1750875081548307,-0.010819572794813492,0.5478970247607065,47.462365012374555,1.3332713405443455,9.204222106136516,3.0338460913725527,2.402974313997934,-0.09848269541024224,0.5702041994528171,49.47715900050416,1.8586779175253632,5.975
LR,M01AE,B_rich,pacf_train,22,21,1459,312,314,2014-01-23,2018-01-20,2018-01-21,2018-11-28,2018-11-29,2019-10-08,{},1,none,42,4.001935488421122,2.000483813586384,1.5815566832610755,-0.0005010255835395938,0.5177304254308,43.629559076413784,8.745514089424283,4.850956322761249,2.2024886657509155,1.6781726449236807,0.1250099498321069,0.573988431155052,48.66748692964677,3.912127464558648,0.025
LR-XGB (residual),M01AE,B_rich,pacf_train,22,21,1459,312,314,2014-01-23,2018-01-20,2018-01-21,2018-11-28,2018-11-29,2019-10-08,"{""colsample_bytree"": 0.8, ""learning_rate"": 0.05, ""max_depth"": 3, ""n_estimators"": 100, ""subsample"": 0.8}",12,none,42,4.063296167159062,2.0157619321633846,1.5908391756024796,-0.01584145827802863,0.5216844423425749,43.83183715189777,8.815935401384824,4.79214177134234,2.189096108292722,1.6817489540488528,0.13561861003693432,0.570498209768618,48.93723108997458,3.8874946723935984,10.51
LR,N02BA,B_rich,pacf_train,1,1,1473,315,317,2014-01-03,2018-01-14,2018-01-15,2018-11-25,2018-11-26,2019-10-08,{},1,none,42,5.2531433805716725,2.2919736867101403,1.905808851129704,-0.21573533668287714,0.7274274169407499,62.32415222541202,3.320251974157873,4.645671054039993,2.155381881254455,1.7629831366345512,-0.20295154845590968,0.7032639147317814,59.40873592073984,4.295684500120711,0.015
LR-XGB (residual),N02BA,B_rich,pacf_train,1,1,1473,315,317,2014-01-03,2018-01-14,2018-01-15,2018-11-25,2018-11-26,2019-10-08,"{""colsample_bytree"": 0.8, ""learning_rate"": 0.05, ""max_depth"": 3, ""n_estimators"": 100, ""subsample"": 0.8}",12,none,42,5.333321156054457,2.3093984402987844,1.9195163597968696,-0.23429088482031224,0.7329576913794631,62.55887301354617,3.3215966000967594,4.679212141682377,2.16314866379599,1.7681598041443223,-0.2116366884167371,0.7057980818520188,59.397783423409365,4.205068020253378,6.532
LR,N02BE,B_rich,pacf_train,1,1,1473,315,317,2014-01-03,2018-01-14,2018-01-15,2018-11-25,2018-11-26,2019-10-08,{},1,none,42,153.57083492845794,12.392370028709518,9.86939933741544,0.16846348047192283,0.4159820716048506,34.57583006066338,0.6084517399038339,205.6223851477789,14.339539223691217,11.141617867165255,0.2588274728647224,0.48649492568369396,40.123373437841536,0.62185815126519,0.011
LR-XGB (residual),N02BE,B_rich,pacf_train,1,1,1473,315,317,2014-01-03,2018-01-14,2018-01-15,2018-11-25,2018-11-26,2019-10-08,"{""colsample_bytree"": 0.8, ""learning_rate"": 0.05, ""max_depth"": 3, ""n_estimators"": 100, ""subsample"": 0.8}",12,none,42,158.85448822129626,12.603748974860467,10.007030300703148,0.13985420273004812,0.4230775546891851,34.80096516755009,0.6028069357074654,202.66922065488424,14.236194036851431,10.961514001742676,0.2694722496416859,0.48298875242337586,39.13963743583572,0.6044580812587246,6.905
LR,N05B,B_rich,pacf_train,1,1,1473,315,317,2014-01-03,2018-01-14,2018-01-15,2018-11-25,2018-11-26,2019-10-08,{},1,none,42,22.121535572971776,4.703353651701281,3.4966883742269155,0.03819274004682072,0.5131464395559379,39.37344562383443,0.8682197354640178,19.658609097174086,4.433803006130751,3.492097883087328,-0.05180351489516477,0.5202530178203465,44.6846688968021,1.2961836959440327,0.014
LR-XGB (residual),N05B,B_rich,pacf_train,1,1,1473,315,317,2014-01-03,2018-01-14,2018-01-15,2018-11-25,2018-11-26,2019-10-08,"{""colsample_bytree"": 0.8, ""learning_rate"": 0.05, ""max_depth"": 3, ""n_estimators"": 100, ""subsample"": 0.8}",12,none,42,22.318606451802413,4.72425723810658,3.501918219919053,0.0296244288028108,0.5154270677485359,39.402252132106504,0.8753519513238462,19.893133880008307,4.460171956327279,3.500961943737221,-0.06435140115180316,0.5233470943721303,44.79178007004501,1.279937258995549,5.959
LR,N05C,B_rich,pacf_train,8,7,1469,314,316,2014-01-09,2018-01-16,2018-01-17,2018-11-26,2018-11-27,2019-10-08,{},1,none,42,1.6328380334848944,1.2778255097957993,0.8435138580167302,0.02268406858896721,2.006186050379405,166.4662038517874,0.6325619685318218,1.3157798107060052,1.1470744573505267,0.8571858049201146,-0.02210482374430267,1.611002348990073,157.0940017377655,0.6141574023080745,0.011
LR-XGB (residual),N05C,B_rich,pacf_train,8,7,1469,314,316,2014-01-09,2018-01-16,2018-01-17,2018-11-26,2018-11-27,2019-10-08,"{""colsample_bytree"": 0.8, ""learning_rate"": 0.1, ""max_depth"": 5, ""n_estimators"": 100, ""subsample"": 0.8}",12,none,42,1.6421197038335154,1.281452185543228,0.8411689451717003,0.017128634359858452,2.011879931302868,168.17285953585875,0.6702855255126992,1.4270949294255526,1.1946107857480412,0.8727272986649869,-0.10857500581668966,1.677764481317249,158.93397025986246,0.6469173243162316,5.902
LR,R03,B_rich,pacf_train,1,1,1473,315,317,2014-01-03,2018-01-14,2018-01-15,2018-11-25,2018-11-26,2019-10-08,{},1,none,42,55.86248272495644,7.474120866359899,5.098668280401342,-0.05072559365971152,1.0759045232050122,89.90307176351305,1.534883973521318,68.69126047976773,8.288019092628089,5.640236283663765,-0.044864664075809024,1.1272547554680319,91.40346584251877,1.8249838135443173,0.008
LR-XGB (residual),R03,B_rich,pacf_train,1,1,1473,315,317,2014-01-03,2018-01-14,2018-01-15,2018-11-25,2018-11-26,2019-10-08,"{""colsample_bytree"": 0.8, ""learning_rate"": 0.05, ""max_depth"": 3, ""n_estimators"": 100, ""subsample"": 0.8}",12,none,42,55.43221215249403,7.445281200364029,5.0996326770201525,-0.042632571641503025,1.071753034669105,89.79618600545632,1.64275653844751,70.5873331035046,8.401626812915735,5.716989898731606,-0.07370587722617317,1.14270655903181,91.76611491024876,1.9813444919931829,7.456
LR,R06,B_rich,pacf_train,1,1,1473,315,317,2014-01-03,2018-01-14,2018-01-15,2018-11-25,2018-11-26,2019-10-08,{},1,none,42,7.041915450053448,2.65366076393601,1.9937033643500504,0.0834609195354361,0.7549703221096851,67.28898489770721,1.5434353427329148,6.482149897726687,2.5460066570468127,1.8974653696979378,0.08977543175830482,0.7072426634803226,62.52055378314043,0.9984928028599571,0.022
LR-XGB (residual),R06,B_rich,pacf_train,1,1,1473,315,317,2014-01-03,2018-01-14,2018-01-15,2018-11-25,2018-11-26,2019-10-08,"{""colsample_bytree"": 0.8, ""learning_rate"": 0.05, ""max_depth"": 3, ""n_estimators"": 100, ""subsample"": 0.8}",12,none,42,7.276050515424541,2.6974155251693315,2.0329130599651872,0.05298711747947649,0.7674186149099887,68.13065585253656,1.5452658412131282,6.4827238175658985,2.546119364359397,1.9025153338894756,0.08969484183889631,0.7072739718901907,62.71719457330026,1.0084620575633103,7.931
LR,M01AB,B_rich,pacf_full,7,6,1470,315,315,2014-01-08,2018-01-16,2018-01-17,2018-11-27,2018-11-28,2019-10-08,{},1,none,42,7.43875571738884,2.727408241790884,2.183547429951563,-0.02668564529111772,0.5525863297405553,47.53812093611674,1.3287866051286683,8.497848858170462,2.915107006298476,2.251236367403838,-0.01052158794033975,0.5487678355977195,46.735074816805444,1.8362142070441339,0.012
LR-XGB (residual),M01AB,B_rich,pacf_full,7,6,1470,315,315,2014-01-08,2018-01-16,2018-01-17,2018-11-27,2018-11-28,2019-10-08,"{""colsample_bytree"": 0.8, ""learning_rate"": 0.05, ""max_depth"": 3, ""n_estimators"": 100, ""subsample"": 0.8}",12,none,42,7.745348145135371,2.783046558204762,2.240233097549304,-0.06900106153559804,0.563858926409069,48.560499912038075,1.295764183114819,8.514631403039308,2.9179841334454353,2.277283148758295,-0.012517284048095378,0.5493094537385853,47.312367948609236,1.867322607754854,7.185
LR,M01AE,B_rich,pacf_full,1,1,1473,315,317,2014-01-03,2018-01-14,2018-01-15,2018-11-25,2018-11-26,2019-10-08,{},1,none,42,4.004557303514601,2.001139001547519,1.5974605981577936,-0.007819882369826114,0.521403236722512,44.12206739228305,8.914686602119621,5.35665831899571,2.314445574861442,1.7519632788929502,0.028074660954972686,0.6025865444795508,49.94741641016748,3.8696619898956697,0.012
LR-XGB (residual),M01AE,B_rich,pacf_full,1,1,1473,315,317,2014-01-03,2018-01-14,2018-01-15,2018-11-25,2018-11-26,2019-10-08,"{""colsample_bytree"": 0.8, ""learning_rate"": 0.05, ""max_depth"": 3, ""n_estimators"": 100, ""subsample"": 0.8}",12,none,42,4.1498191855726985,2.0371104991071785,1.6263064179848228,-0.04437768434212552,0.5307757267108928,44.69379255256867,9.496433611249628,5.2911644757557275,2.300253132973788,1.7625043070466575,0.03995802591977715,0.5988914156730244,50.254420213875065,3.5459230530531625,5.459
LR,N02BA,B_rich,pacf_full,1,1,1473,315,317,2014-01-03,2018-01-14,2018-01-15,2018-11-25,2018-11-26,2019-10-08,{},1,none,42,5.2531433805716725,2.2919736867101403,1.905808851129704,-0.21573533668287714,0.7274274169407499,62.32415222541202,3.320251974157873,4.645671054039993,2.155381881254455,1.7629831366345512,-0.20295154845590968,0.7032639147317814,59.40873592073984,4.295684500120711,0.01
LR-XGB (residual),N02BA,B_rich,pacf_full,1,1,1473,315,317,2014-01-03,2018-01-14,2018-01-15,2018-11-25,2018-11-26,2019-10-08,"{""colsample_bytree"": 0.8, ""learning_rate"": 0.05, ""max_depth"": 3, ""n_estimators"": 100, ""subsample"": 0.8}",12,none,42,5.333321156054457,2.3093984402987844,1.9195163597968696,-0.23429088482031224,0.7329576913794631,62.55887301354617,3.3215966000967594,4.679212141682377,2.16314866379599,1.7681598041443223,-0.2116366884167371,0.7057980818520188,59.397783423409365,4.205068020253378,6.115
LR,N02BE,B_rich,pacf_full,1,1,1473,315,317,2014-01-03,2018-01-14,2018-01-15,2018-11-25,2018-11-26,2019-10-08,{},1,none,42,153.57083492845794,12.392370028709518,9.86939933741544,0.16846348047192283,0.4159820716048506,34.57583006066338,0.6084517399038339,205.6223851477789,14.339539223691217,11.141617867165255,0.2588274728647224,0.48649492568369396,40.123373437841536,0.62185815126519,0.012
LR-XGB (residual),N02BE,B_rich,pacf_full,1,1,1473,315,317,2014-01-03,2018-01-14,2018-01-15,2018-11-25,2018-11-26,2019-10-08,"{""colsample_bytree"": 0.8, ""learning_rate"": 0.05, ""max_depth"": 3, ""n_estimators"": 100, ""subsample"": 0.8}",12,none,42,158.85448822129626,12.603748974860467,10.007030300703148,0.13985420273004812,0.4230775546891851,34.80096516755009,0.6028069357074654,202.66922065488424,14.236194036851431,10.961514001742676,0.2694722496416859,0.48298875242337586,39.13963743583572,0.6044580812587246,5.707
LR,N05B,B_rich,pacf_full,1,1,1473,315,317,2014-01-03,2018-01-14,2018-01-15,2018-11-25,2018-11-26,2019-10-08,{},1,none,42,22.121535572971776,4.703353651701281,3.4966883742269155,0.03819274004682072,0.5131464395559379,39.37344562383443,0.8682197354640178,19.658609097174086,4.433803006130751,3.492097883087328,-0.05180351489516477,0.5202530178203465,44.6846688968021,1.2961836959440327,0.016
LR-XGB (residual),N05B,B_rich,pacf_full,1,1,1473,315,317,2014-01-03,2018-01-14,2018-01-15,2018-11-25,2018-11-26,2019-10-08,"{""colsample_bytree"": 0.8, ""learning_rate"": 0.05, ""max_depth"": 3, ""n_estimators"": 100, ""subsample"": 0.8}",12,none,42,22.318606451802413,4.72425723810658,3.501918219919053,0.0296244288028108,0.5154270677485359,39.402252132106504,0.8753519513238462,19.893133880008307,4.460171956327279,3.500961943737221,-0.06435140115180316,0.5233470943721303,44.79178007004501,1.279937258995549,5.354
LR,N05C,B_rich,pacf_full,5,4,1471,315,316,2014-01-06,2018-01-15,2018-01-16,2018-11-26,2018-11-27,2019-10-08,{},1,none,42,1.6437424393165845,1.2820851919106564,0.8447393340315856,0.013784353965485163,2.019284177259284,166.6847631021867,0.6327010175711315,1.307779553292964,1.1435818961897586,0.8523678212335948,-0.0158901808180838,1.6060972408709497,157.24269011351566,0.6140738365023324,0.01
LR-XGB (residual),N05C,B_rich,pacf_full,5,4,1471,315,316,2014-01-06,2018-01-15,2018-01-16,2018-11-26,2018-11-27,2019-10-08,"{""colsample_bytree"": 0.8, ""learning_rate"": 0.05, ""max_depth"": 3, ""n_estimators"": 100, ""subsample"": 0.8}",12,none,42,1.7203309010206091,1.3116138536248423,0.8490767819898074,-0.03216733373908509,2.0657918194591267,168.33295242514598,0.6681654892096879,1.3046665405634432,1.1422200053244749,0.8425915299412985,-0.013471975810428916,1.6041845408112625,157.7861447787135,0.6206017458407412,6.892
LR,R03,B_rich,pacf_full,1,1,1473,315,317,2014-01-03,2018-01-14,2018-01-15,2018-11-25,2018-11-26,2019-10-08,{},1,none,42,55.86248272495644,7.474120866359899,5.098668280401342,-0.05072559365971152,1.0759045232050122,89.90307176351305,1.534883973521318,68.69126047976773,8.288019092628089,5.640236283663765,-0.044864664075809024,1.1272547554680319,91.40346584251877,1.8249838135443173,0.02
LR-XGB (residual),R03,B_rich,pacf_full,1,1,1473,315,317,2014-01-03,2018-01-14,2018-01-15,2018-11-25,2018-11-26,2019-10-08,"{""colsample_bytree"": 0.8, ""learning_rate"": 0.05, ""max_depth"": 3, ""n_estimators"": 100, ""subsample"": 0.8}",12,none,42,55.43221215249403,7.445281200364029,5.0996326770201525,-0.042632571641503025,1.071753034669105,89.79618600545632,1.64275653844751,70.5873331035046,8.401626812915735,5.716989898731606,-0.07370587722617317,1.14270655903181,91.76611491024876,1.9813444919931829,5.476
LR,R06,B_rich,pacf_full,1,1,1473,315,317,2014-01-03,2018-01-14,2018-01-15,2018-11-25,2018-11-26,2019-10-08,{},1,none,42,7.041915450053448,2.65366076393601,1.9937033643500504,0.0834609195354361,0.7549703221096851,67.28898489770721,1.5434353427329148,6.482149897726687,2.5460066570468127,1.8974653696979378,0.08977543175830482,0.7072426634803226,62.52055378314043,0.9984928028599571,0.01
LR-XGB (residual),R06,B_rich,pacf_full,1,1,1473,315,317,2014-01-03,2018-01-14,2018-01-15,2018-11-25,2018-11-26,2019-10-08,"{""colsample_bytree"": 0.8, ""learning_rate"": 0.05, ""max_depth"": 3, ""n_estimators"": 100, ""subsample"": 0.8}",12,none,42,7.276050515424541,2.6974155251693315,2.0329130599651872,0.05298711747947649,0.7674186149099887,68.13065585253656,1.5452658412131282,6.4827238175658985,2.546119364359397,1.9025153338894756,0.08969484183889631,0.7072739718901907,62.71719457330026,1.0084620575633103,5.369
LR,M01AB,B_rich,acf_train,15,14,1464,313,315,2014-01-16,2018-01-18,2018-01-19,2018-11-27,2018-11-28,2019-10-08,{},1,none,42,7.442786435810292,2.728147070047781,2.185798764972568,-0.022233094467990933,0.5531401022995662,47.61426106789995,1.3504585475198418,8.400351597607187,2.898336004953047,2.236141093834342,0.001072297548633916,0.5456107006832026,46.47373967143005,1.7875246967691256,0.016
LR-XGB (residual),M01AB,B_rich,acf_train,15,14,1464,313,315,2014-01-16,2018-01-18,2018-01-19,2018-11-27,2018-11-28,2019-10-08,"{""colsample_bytree"": 0.8, ""learning_rate"": 0.05, ""max_depth"": 3, ""n_estimators"": 100, ""subsample"": 0.8}",12,none,42,7.662151093074297,2.7680590841010417,2.227152517250457,-0.05236183917212145,0.561232384339191,48.3880015138046,1.347079615013882,8.470201254639736,2.910361017921958,2.246003350747022,-0.007233873521207412,0.5478744050088847,46.79572882290645,1.8648842219551223,8.692
LR,M01AE,B_rich,acf_train,22,21,1459,312,314,2014-01-23,2018-01-20,2018-01-21,2018-11-28,2018-11-29,2019-10-08,{},1,none,42,4.001935488421122,2.000483813586384,1.5815566832610755,-0.0005010255835395938,0.5177304254308,43.629559076413784,8.745514089424283,4.850956322761249,2.2024886657509155,1.6781726449236807,0.1250099498321069,0.573988431155052,48.66748692964677,3.912127464558648,0.019
LR-XGB (residual),M01AE,B_rich,acf_train,22,21,1459,312,314,2014-01-23,2018-01-20,2018-01-21,2018-11-28,2018-11-29,2019-10-08,"{""colsample_bytree"": 0.8, ""learning_rate"": 0.05, ""max_depth"": 3, ""n_estimators"": 100, ""subsample"": 0.8}",12,none,42,4.063296167159062,2.0157619321633846,1.5908391756024796,-0.01584145827802863,0.5216844423425749,43.83183715189777,8.815935401384824,4.79214177134234,2.189096108292722,1.6817489540488528,0.13561861003693432,0.570498209768618,48.93723108997458,3.8874946723935984,9.884
LR,N02BA,B_rich,acf_train,15,14,1464,313,315,2014-01-16,2018-01-18,2018-01-19,2018-11-27,2018-11-28,2019-10-08,{},1,none,42,4.713577637708429,2.1710775291795614,1.7632764704435118,-0.08654392516933096,0.6917215661982926,60.217558367842614,2.9535534358527586,4.094116661765698,2.023392364759168,1.6188897199414833,-0.05541077425615648,0.6587448657941584,57.03986788892952,4.003165760064926,0.015
LR-XGB (residual),N02BA,B_rich,acf_train,15,14,1464,313,315,2014-01-16,2018-01-18,2018-01-19,2018-11-27,2018-11-28,2019-10-08,"{""colsample_bytree"": 0.8, ""learning_rate"": 0.05, ""max_depth"": 3, ""n_estimators"": 100, ""subsample"": 0.8}",12,none,42,4.643049046098801,2.15477354868181,1.750884537928971,-0.07028612299564174,0.6865269958646237,59.96981946253131,3.059668855407681,4.119008631262557,2.029534092165627,1.624385889903175,-0.061827604788804225,0.6607443946381816,57.393237044823685,3.9482811036019254,8.584
LR,N02BE,B_rich,acf_train,8,7,1469,314,316,2014-01-09,2018-01-16,2018-01-17,2018-11-26,2018-11-27,2019-10-08,{},1,none,42,131.59570924871724,11.471517303683818,8.999397726523645,0.2883366698110066,0.38416403327059245,31.446338459762437,0.529807391626771,162.48508113220595,12.74696360441207,9.542995028249289,0.4158545006230979,0.4327810165109685,34.53179270161936,0.5049625638981116,0.013
LR-XGB (residual),N02BE,B_rich,acf_train,8,7,1469,314,316,2014-01-09,2018-01-16,2018-01-17,2018-11-26,2018-11-27,2019-10-08,"{""colsample_bytree"": 0.8, ""learning_rate"": 0.05, ""max_depth"": 3, ""n_estimators"": 100, ""subsample"": 0.8}",12,none,42,131.61247151852984,11.4722478842871,8.969247233327541,0.28824602025393176,0.3841884993271529,31.395587166366322,0.5247157983663384,161.26518700989536,12.699023073051539,9.320831678500587,0.4202401073280253,0.43115335422697915,33.80038941425892,0.4910143562375026,7.056
LR,N05B,B_rich,acf_train,1,1,1473,315,317,2014-01-03,2018-01-14,2018-01-15,2018-11-25,2018-11-26,2019-10-08,{},1,none,42,22.121535572971776,4.703353651701281,3.4966883742269155,0.03819274004682072,0.5131464395559379,39.37344562383443,0.8682197354640178,19.658609097174086,4.433803006130751,3.492097883087328,-0.05180351489516477,0.5202530178203465,44.6846688968021,1.2961836959440327,0.012
LR-XGB (residual),N05B,B_rich,acf_train,1,1,1473,315,317,2014-01-03,2018-01-14,2018-01-15,2018-11-25,2018-11-26,2019-10-08,"{""colsample_bytree"": 0.8, ""learning_rate"": 0.05, ""max_depth"": 3, ""n_estimators"": 100, ""subsample"": 0.8}",12,none,42,22.318606451802413,4.72425723810658,3.501918219919053,0.0296244288028108,0.5154270677485359,39.402252132106504,0.8753519513238462,19.893133880008307,4.460171956327279,3.500961943737221,-0.06435140115180316,0.5233470943721303,44.79178007004501,1.279937258995549,5.887
LR,N05C,B_rich,acf_train,8,7,1469,314,316,2014-01-09,2018-01-16,2018-01-17,2018-11-26,2018-11-27,2019-10-08,{},1,none,42,1.6328380334848944,1.2778255097957993,0.8435138580167302,0.02268406858896721,2.006186050379405,166.4662038517874,0.6325619685318218,1.3157798107060052,1.1470744573505267,0.8571858049201146,-0.02210482374430267,1.611002348990073,157.0940017377655,0.6141574023080745,0.014
LR-XGB (residual),N05C,B_rich,acf_train,8,7,1469,314,316,2014-01-09,2018-01-16,2018-01-17,2018-11-26,2018-11-27,2019-10-08,"{""colsample_bytree"": 0.8, ""learning_rate"": 0.1, ""max_depth"": 5, ""n_estimators"": 100, ""subsample"": 0.8}",12,none,42,1.6421197038335154,1.281452185543228,0.8411689451717003,0.017128634359858452,2.011879931302868,168.17285953585875,0.6702855255126992,1.4270949294255526,1.1946107857480412,0.8727272986649869,-0.10857500581668966,1.677764481317249,158.93397025986246,0.6469173243162316,6.762
LR,R03,B_rich,acf_train,1,1,1473,315,317,2014-01-03,2018-01-14,2018-01-15,2018-11-25,2018-11-26,2019-10-08,{},1,none,42,55.86248272495644,7.474120866359899,5.098668280401342,-0.05072559365971152,1.0759045232050122,89.90307176351305,1.534883973521318,68.69126047976773,8.288019092628089,5.640236283663765,-0.044864664075809024,1.1272547554680319,91.40346584251877,1.8249838135443173,0.012
LR-XGB (residual),R03,B_rich,acf_train,1,1,1473,315,317,2014-01-03,2018-01-14,2018-01-15,2018-11-25,2018-11-26,2019-10-08,"{""colsample_bytree"": 0.8, ""learning_rate"": 0.05, ""max_depth"": 3, ""n_estimators"": 100, ""subsample"": 0.8}",12,none,42,55.43221215249403,7.445281200364029,5.0996326770201525,-0.042632571641503025,1.071753034669105,89.79618600545632,1.64275653844751,70.5873331035046,8.401626812915735,5.716989898731606,-0.07370587722617317,1.14270655903181,91.76611491024876,1.9813444919931829,6.576
LR,R06,B_rich,acf_train,3,2,1472,315,317,2014-01-04,2018-01-14,2018-01-15,2018-11-25,2018-11-26,2019-10-08,{},1,none,42,6.308962436506677,2.5117648051731827,1.9168471211009206,0.17885827069999594,0.7146007167896972,65.9220839742106,1.2870276659415942,6.0080238652890605,2.4511270602090502,1.8592343029678338,0.15635228819894909,0.6808865270610592,61.99907963906258,0.9654917668852949,0.01
LR-XGB (residual),R06,B_rich,acf_train,3,2,1472,315,317,2014-01-04,2018-01-14,2018-01-15,2018-11-25,2018-11-26,2019-10-08,"{""colsample_bytree"": 0.8, ""learning_rate"": 0.05, ""max_depth"": 3, ""n_estimators"": 100, ""subsample"": 0.8}",12,none,42,6.424515152549832,2.5346627295460498,1.9222452117822808,0.16381853032558236,0.7211152093632639,66.18705916272087,1.3189444343699295,6.155340799816151,2.4809959290204713,1.897331190864664,0.13566601971700032,0.6891836531800604,62.769037587160916,0.9932500875902383,8.896
LR,M01AB,B_rich,acf_full,15,14,1464,313,315,2014-01-16,2018-01-18,2018-01-19,2018-11-27,2018-11-28,2019-10-08,{},1,none,42,7.442786435810292,2.728147070047781,2.185798764972568,-0.022233094467990933,0.5531401022995662,47.61426106789995,1.3504585475198418,8.400351597607187,2.898336004953047,2.236141093834342,0.001072297548633916,0.5456107006832026,46.47373967143005,1.7875246967691256,0.016
LR-XGB (residual),M01AB,B_rich,acf_full,15,14,1464,313,315,2014-01-16,2018-01-18,2018-01-19,2018-11-27,2018-11-28,2019-10-08,"{""colsample_bytree"": 0.8, ""learning_rate"": 0.05, ""max_depth"": 3, ""n_estimators"": 100, ""subsample"": 0.8}",12,none,42,7.662151093074297,2.7680590841010417,2.227152517250457,-0.05236183917212145,0.561232384339191,48.3880015138046,1.347079615013882,8.470201254639736,2.910361017921958,2.246003350747022,-0.007233873521207412,0.5478744050088847,46.79572882290645,1.8648842219551223,8.873
LR,M01AE,B_rich,acf_full,15,14,1464,313,315,2014-01-16,2018-01-18,2018-01-19,2018-11-27,2018-11-28,2019-10-08,{},1,none,42,3.934561806461566,1.9835729899506007,1.5743254704515783,0.01385098444344135,0.5153506145398039,43.56215131673077,8.434382999794897,4.856345237065359,2.2037116955412652,1.6713108552094034,0.12293534705692466,0.5734376262622455,48.34324197794973,3.7269255660282594,0.017
LR-XGB (residual),M01AE,B_rich,acf_full,15,14,1464,313,315,2014-01-16,2018-01-18,2018-01-19,2018-11-27,2018-11-28,2019-10-08,"{""colsample_bytree"": 0.8, ""learning_rate"": 0.05, ""max_depth"": 3, ""n_estimators"": 100, ""subsample"": 0.8}",12,none,42,4.129741278155285,2.032176487944707,1.6274703377367903,-0.035068324322153455,0.5279782529917021,44.80302698506633,8.428095608979024,4.786263456138328,2.1877530610510703,1.672102660563644,0.1355922422869562,0.5692849589696228,48.47818665815079,3.7853390113400516,8.223
LR,N02BA,B_rich,acf_full,8,7,1469,314,316,2014-01-09,2018-01-16,2018-01-17,2018-11-26,2018-11-27,2019-10-08,{},1,none,42,4.789810956786172,2.188563674373257,1.7914214553814487,-0.10704132351150575,0.696683894721414,60.597930765360616,3.047673001996617,4.296238301530776,2.072736910833301,1.6682097917638372,-0.10999126432569484,0.6755555297027726,57.805262288647874,4.129715966043202,0.011
LR-XGB (residual),N02BA,B_rich,acf_full,8,7,1469,314,316,2014-01-09,2018-01-16,2018-01-17,2018-11-26,2018-11-27,2019-10-08,"{""colsample_bytree"": 0.8, ""learning_rate"": 0.05, ""max_depth"": 3, ""n_estimators"": 100, ""subsample"": 0.8}",12,none,42,4.8390764121527505,2.199790083656336,1.7857223938722773,-0.11842776347844097,0.7002575894850868,60.384311762230894,2.9812349543333982,4.346998453930056,2.08494567169748,1.6766633679592562,-0.12310583614052328,0.6795346627367373,57.94404126054411,4.164397983079085,7.122
LR,N02BE,B_rich,acf_full,8,7,1469,314,316,2014-01-09,2018-01-16,2018-01-17,2018-11-26,2018-11-27,2019-10-08,{},1,none,42,131.59570924871724,11.471517303683818,8.999397726523645,0.2883366698110066,0.38416403327059245,31.446338459762437,0.529807391626771,162.48508113220595,12.74696360441207,9.542995028249289,0.4158545006230979,0.4327810165109685,34.53179270161936,0.5049625638981116,0.011
LR-XGB (residual),N02BE,B_rich,acf_full,8,7,1469,314,316,2014-01-09,2018-01-16,2018-01-17,2018-11-26,2018-11-27,2019-10-08,"{""colsample_bytree"": 0.8, ""learning_rate"": 0.05, ""max_depth"": 3, ""n_estimators"": 100, ""subsample"": 0.8}",12,none,42,131.61247151852984,11.4722478842871,8.969247233327541,0.28824602025393176,0.3841884993271529,31.395587166366322,0.5247157983663384,161.26518700989536,12.699023073051539,9.320831678500587,0.4202401073280253,0.43115335422697915,33.80038941425892,0.4910143562375026,7.234
LR,N05B,B_rich,acf_full,1,1,1473,315,317,2014-01-03,2018-01-14,2018-01-15,2018-11-25,2018-11-26,2019-10-08,{},1,none,42,22.121535572971776,4.703353651701281,3.4966883742269155,0.03819274004682072,0.5131464395559379,39.37344562383443,0.8682197354640178,19.658609097174086,4.433803006130751,3.492097883087328,-0.05180351489516477,0.5202530178203465,44.6846688968021,1.2961836959440327,0.009
LR-XGB (residual),N05B,B_rich,acf_full,1,1,1473,315,317,2014-01-03,2018-01-14,2018-01-15,2018-11-25,2018-11-26,2019-10-08,"{""colsample_bytree"": 0.8, ""learning_rate"": 0.05, ""max_depth"": 3, ""n_estimators"": 100, ""subsample"": 0.8}",12,none,42,22.318606451802413,4.72425723810658,3.501918219919053,0.0296244288028108,0.5154270677485359,39.402252132106504,0.8753519513238462,19.893133880008307,4.460171956327279,3.500961943737221,-0.06435140115180316,0.5233470943721303,44.79178007004501,1.279937258995549,5.872
LR,N05C,B_rich,acf_full,5,4,1471,315,316,2014-01-06,2018-01-15,2018-01-16,2018-11-26,2018-11-27,2019-10-08,{},1,none,42,1.6437424393165845,1.2820851919106564,0.8447393340315856,0.013784353965485163,2.019284177259284,166.6847631021867,0.6327010175711315,1.307779553292964,1.1435818961897586,0.8523678212335948,-0.0158901808180838,1.6060972408709497,157.24269011351566,0.6140738365023324,0.01
LR-XGB (residual),N05C,B_rich,acf_full,5,4,1471,315,316,2014-01-06,2018-01-15,2018-01-16,2018-11-26,2018-11-27,2019-10-08,"{""colsample_bytree"": 0.8, ""learning_rate"": 0.05, ""max_depth"": 3, ""n_estimators"": 100, ""subsample"": 0.8}",12,none,42,1.7203309010206091,1.3116138536248423,0.8490767819898074,-0.03216733373908509,2.0657918194591267,168.33295242514598,0.6681654892096879,1.3046665405634432,1.1422200053244749,0.8425915299412985,-0.013471975810428916,1.6041845408112625,157.7861447787135,0.6206017458407412,5.717
LR,R03,B_rich,acf_full,16,15,1463,313,315,2014-01-17,2018-01-18,2018-01-19,2018-11-27,2018-11-28,2019-10-08,{},1,none,42,46.562934941396136,6.823703901943294,4.868344782098641,0.06454387998991518,0.9965329855631639,87.04648411999753,1.8013987634268864,61.33749939038276,7.831826057209312,5.422514224993088,0.06928762695066526,1.0681111430449084,86.50914484720634,2.100140558870558,0.016
LR-XGB (residual),R03,B_rich,acf_full,16,15,1463,313,315,2014-01-17,2018-01-18,2018-01-19,2018-11-27,2018-11-28,2019-10-08,"{""colsample_bytree"": 0.8, ""learning_rate"": 0.05, ""max_depth"": 3, ""n_estimators"": 100, ""subsample"": 0.8}",12,none,42,47.709362132166774,6.90719640173687,4.92435007871422,0.04151199136214467,1.008726221273132,87.79305935574293,1.7675111175069227,61.49553735916242,7.84190903792963,5.3970930430609005,0.06688961766732826,1.0694862685882758,86.74188814689683,2.064608541999309,7.243
LR,R06,B_rich,acf_full,4,3,1472,315,316,2014-01-05,2018-01-15,2018-01-16,2018-11-26,2018-11-27,2019-10-08,{},1,none,42,5.814934169328934,2.4114174606087877,1.8511387305301414,0.24252212215138436,0.6854326837139219,64.04372157718696,1.4567097854546567,5.632506729572009,2.373290275034221,1.767979889595745,0.2114513687490006,0.6589171449878436,59.87402076497431,0.9188311773533646,0.013
LR-XGB (residual),R06,B_rich,acf_full,4,3,1472,315,316,2014-01-05,2018-01-15,2018-01-16,2018-11-26,2018-11-27,2019-10-08,"{""colsample_bytree"": 0.8, ""learning_rate"": 0.05, ""max_depth"": 3, ""n_estimators"": 100, ""subsample"": 0.8}",12,none,42,6.244180811454441,2.498835891261057,1.880187444241339,0.18660664209902877,0.7102809111597483,64.77919814456624,1.3977446562097828,5.790029814383982,2.4062480783127875,1.776024567326592,0.18939820150345443,0.6680675055104607,59.72768077626582,0.9421573162661651,5.701
LR,M01AB,B_rich,pacf_significant,16,15,1463,313,315,2014-01-17,2018-01-18,2018-01-19,2018-11-27,2018-11-28,2019-10-08,{},1,none,42,7.398393601326287,2.71999882377296,2.1805254173065998,-0.016135939194469984,0.5514880206257078,47.56866068710983,1.3528446527186737,8.462352854179123,2.9090123502967673,2.2424716114804646,-0.006300581081130074,0.5476205188180802,46.554463562046664,1.797407238706068,0.019
LR-XGB (residual),M01AB,B_rich,pacf_significant,16,15,1463,313,315,2014-01-17,2018-01-18,2018-01-19,2018-11-27,2018-11-28,2019-10-08,"{""colsample_bytree"": 0.8, ""learning_rate"": 0.05, ""max_depth"": 3, ""n_estimators"": 100, ""subsample"": 0.8}",12,none,42,7.704079188592425,2.7756223065454035,2.2272221589619976,-0.058120473683038965,0.5627658506550357,48.363743169343046,1.3605933976340323,8.468201560568117,2.9100174502171146,2.2364785077371003,-0.0069960799263373286,0.5478097285131811,46.453878026760385,1.889509022251311,7.952
LR,M01AE,B_rich,pacf_significant,23,22,1458,312,314,2014-01-24,2018-01-20,2018-01-21,2018-11-28,2018-11-29,2019-10-08,{},1,none,42,3.992063844735992,1.9980149761040311,1.577416328521002,0.0019669276505251965,0.5170914838550785,43.51610473170574,8.865383869869808,4.846460769926096,2.201467867111872,1.6762481406660594,0.1258208340658623,0.5737224018135798,48.615172858586256,3.8851629560566225,0.019
LR-XGB (residual),M01AE,B_rich,pacf_significant,23,22,1458,312,314,2014-01-24,2018-01-20,2018-01-21,2018-11-28,2018-11-29,2019-10-08,"{""colsample_bytree"": 0.8, ""learning_rate"": 0.05, ""max_depth"": 3, ""n_estimators"": 100, ""subsample"": 0.8}",12,none,42,3.997116881994447,1.9992790905710105,1.5878956178673547,0.0007036466771004335,0.5174186399741821,43.86232599220111,8.636722440070608,4.780625047342136,2.1864640512348097,1.6772138890572474,0.13769593628772436,0.5698122719361677,48.75809386221023,3.7968961358450044,9.036
LR,N02BA,B_rich,pacf_significant,19,18,1461,313,314,2014-01-20,2018-01-19,2018-01-20,2018-11-28,2018-11-29,2019-10-08,{},1,none,42,4.647149211918744,2.1557247532833927,1.7515180775127024,-0.06766003279633881,0.6882311788838249,60.41813283716524,2.8980162787751893,4.043241927439805,2.010781422094357,1.5960661236831413,-0.042660553010891666,0.6532361145699943,56.498674965013564,3.9730680780658902,0.022
LR-XGB (residual),N02BA,B_rich,pacf_significant,19,18,1461,313,314,2014-01-20,2018-01-19,2018-01-20,2018-11-28,2018-11-29,2019-10-08,"{""colsample_bytree"": 0.8, ""learning_rate"": 0.05, ""max_depth"": 3, ""n_estimators"": 100, ""subsample"": 0.8}",12,none,42,4.674666210143176,2.162097641214008,1.7456881921291387,-0.0739819299179989,0.6902657708078176,60.120523291861694,3.0566730804930913,4.118618155754517,2.029437891573555,1.6161785583313106,-0.06209837575533905,0.6592969820020653,57.23712311091247,4.10802272105065,8.674
LR,N02BE,B_rich,pacf_significant,22,21,1459,312,314,2014-01-23,2018-01-20,2018-01-21,2018-11-28,2018-11-29,2019-10-08,{},1,none,42,130.55359382382215,11.426005155951145,8.957999401132012,0.28917503158301394,0.38364374706414023,31.444875376368337,0.5250488664245972,161.93842495586463,12.725502935281758,9.601362784060239,0.42037808892634776,0.43237931418687536,34.64397405371618,0.5018747076634062,0.02
LR-XGB (residual),N02BE,B_rich,pacf_significant,22,21,1459,312,314,2014-01-23,2018-01-20,2018-01-21,2018-11-28,2018-11-29,2019-10-08,"{""colsample_bytree"": 0.8, ""learning_rate"": 0.05, ""max_depth"": 5, ""n_estimators"": 100, ""subsample"": 0.8}",12,none,42,132.71772056100932,11.52031772830113,9.05448519276921,0.27739201378507183,0.38681042064408,31.704998708673855,0.521341922709188,168.04400762808993,12.96317891676613,9.46562832491894,0.3985245387410973,0.44045492254558183,34.31088096056949,0.500025571839536,9.014
LR,N05B,B_rich,pacf_significant,26,25,1456,312,313,2014-01-27,2018-01-21,2018-01-22,2018-11-29,2018-11-30,2019-10-08,{},1,none,42,23.228216881014045,4.819566046960457,3.6211813752880984,-0.0002638778476720116,0.5226277654148695,40.29601502281967,0.9274943505379636,19.080794883967716,4.368156920712409,3.3594306798480766,-0.0304163237620787,0.5134954992049064,43.327600060596055,1.2364724654849726,0.033
LR-XGB (residual),N05B,B_rich,pacf_significant,26,25,1456,312,313,2014-01-27,2018-01-21,2018-01-22,2018-11-29,2018-11-30,2019-10-08,"{""colsample_bytree"": 0.8, ""learning_rate"": 0.05, ""max_depth"": 3, ""n_estimators"": 100, ""subsample"": 0.8}",12,none,42,23.325406229537723,4.829638312496881,3.6480011713594505,-0.00444908909904651,0.5237199893990778,40.755414698689016,0.9111477031557714,18.88752544318911,4.34597807670369,3.369475135915319,-0.019979233070957836,0.5108882813822034,43.51156190153341,1.2355469620672321,6.847
LR,N05C,B_rich,pacf_significant,8,7,1469,314,316,2014-01-09,2018-01-16,2018-01-17,2018-11-26,2018-11-27,2019-10-08,{},1,none,42,1.6328380334848944,1.2778255097957993,0.8435138580167302,0.02268406858896721,2.006186050379405,166.4662038517874,0.6325619685318218,1.3157798107060052,1.1470744573505267,0.8571858049201146,-0.02210482374430267,1.611002348990073,157.0940017377655,0.6141574023080745,0.012
LR-XGB (residual),N05C,B_rich,pacf_significant,8,7,1469,314,316,2014-01-09,2018-01-16,2018-01-17,2018-11-26,2018-11-27,2019-10-08,"{""colsample_bytree"": 0.8, ""learning_rate"": 0.1, ""max_depth"": 5, ""n_estimators"": 100, ""subsample"": 0.8}",12,none,42,1.6421197038335154,1.281452185543228,0.8411689451717003,0.017128634359858452,2.011879931302868,168.17285953585875,0.6702855255126992,1.4270949294255526,1.1946107857480412,0.8727272986649869,-0.10857500581668966,1.677764481317249,158.93397025986246,0.6469173243162316,5.555
LR,R03,B_rich,pacf_significant,23,22,1458,312,314,2014-01-24,2018-01-20,2018-01-21,2018-11-28,2018-11-29,2019-10-08,{},1,none,42,46.931607251730625,6.850664730646992,4.915884672298067,0.05912061184979589,0.9972739512244776,87.56595622760047,1.881414952348165,61.89690959370441,7.867458903210388,5.522438739119404,0.0637607705647727,1.0732819879165663,86.9275035710137,2.1970295757254616,0.018
LR-XGB (residual),R03,B_rich,pacf_significant,23,22,1458,312,314,2014-01-24,2018-01-20,2018-01-21,2018-11-28,2018-11-29,2019-10-08,"{""colsample_bytree"": 0.8, ""learning_rate"": 0.05, ""max_depth"": 3, ""n_estimators"": 100, ""subsample"": 0.8}",12,none,42,49.41418588013965,7.029522450361735,5.094483168125507,0.009350165071710714,1.023310861781342,89.35458379611643,2.0644066640331373,65.49117428797737,8.092661755440998,5.762040860410503,0.009394702374275754,1.1040042538858132,88.35432810278259,2.3111376919639186,6.669
LR,R06,B_rich,pacf_significant,22,21,1459,312,314,2014-01-23,2018-01-20,2018-01-21,2018-11-28,2018-11-29,2019-10-08,{},1,none,42,5.292509811294304,2.3005455464507336,1.7982832252206686,0.3063241781445025,0.6465233385810025,62.34707780009909,1.6948379425493336,5.294575198621685,2.3009943934355177,1.7417583062600193,0.2625614450841608,0.6381658580767487,59.366909595254484,1.0321737665005442,0.021
LR-XGB (residual),R06,B_rich,pacf_significant,22,21,1459,312,314,2014-01-23,2018-01-20,2018-01-21,2018-11-28,2018-11-29,2019-10-08,"{""colsample_bytree"": 0.8, ""learning_rate"": 0.05, ""max_depth"": 3, ""n_estimators"": 100, ""subsample"": 0.8}",12,none,42,5.700237344906111,2.387516983166007,1.8614863013172733,0.25288436564425554,0.6709649601403299,63.57386744941014,1.8494487690085486,5.390155986621517,2.3216709471028656,1.7628049327938653,0.24924877021674907,0.6439003660142026,59.55495026752624,1.061500618951962,7.287
