varian,S1,w,RMSE asli,RMSE log
V1_customers_dropped,linear,0.0,2846.796698166396,0.36292907229219856
V1_customers_dropped,linear,0.05,2769.967058870638,0.35050453351475397
V1_customers_dropped,linear,0.1,2693.7273987515496,0.3383262873404438
V1_customers_dropped,linear,0.15,2618.085821964999,0.3264219003506967
V1_customers_dropped,linear,0.2,2543.07512062243,0.31482244307367396
V1_customers_dropped,linear,0.25,2468.756732727299,0.3035628707107918
V1_customers_dropped,linear,0.3,2395.2256200584357,0.29268240889257935
V1_customers_dropped,linear,0.35,2322.6162369839426,0.2822249178771979
V1_customers_dropped,linear,0.4,2251.1093012398087,0.27223913178920356
V1_customers_dropped,linear,0.45,2180.94039470738,0.26277884378757804
V1_customers_dropped,linear,0.5,2112.4092550037462,0.2539027881672111
V1_customers_dropped,linear,0.55,2045.8910344074366,0.2456743032782369
V1_customers_dropped,linear,0.6,1981.8482267669228,0.23816051974902208
V1_customers_dropped,linear,0.65,1920.843493708649,0.23143106737800623
V1_customers_dropped,linear,0.7,1863.5517723260427,0.225556141545357
V1_customers_dropped,linear,0.75,1810.771154967631,0.22060403356570454
V1_customers_dropped,linear,0.8,1763.4286504475576,0.21663803568544965
V1_customers_dropped,linear,0.85,1722.5787000005773,0.2137130549316766
V1_customers_dropped,linear,0.9,1689.3900248213802,0.21187221205764392
V1_customers_dropped,linear,0.95,1665.1169885319214,0.21114386045107636
V1_customers_dropped,linear,1.0,1651.0536825886081,0.21153949462385163
V1_customers_dropped,structural,0.0,1240.6364163535145,0.1607401521589509
V1_customers_dropped,structural,0.05,1235.485582132874,0.15989318751207332
V1_customers_dropped,structural,0.1,1230.6738739713658,0.15910421420622226
V1_customers_dropped,structural,0.15,1226.2053524939283,0.15837409888121917
V1_customers_dropped,structural,0.2,1222.0846126748538,0.15770365916856977
V1_customers_dropped,structural,0.25,1218.316729107798,0.1570936590128543
V1_customers_dropped,structural,0.3,1214.9072098412817,0.15654480478040522
V1_customers_dropped,structural,0.35,1211.861957513889,0.15605774209658174
V1_customers_dropped,structural,0.4,1209.1872188422751,0.1556330505186831
V1_customers_dropped,structural,0.45,1206.8895612669767,0.15527124234367032
V1_customers_dropped,structural,0.5,1204.9758261662523,0.15497275757112433
V1_customers_dropped,structural,0.55,1203.4531069614031,0.1547379628747003
V1_customers_dropped,structural,0.6,1202.328714424736,0.1545671485120744
V1_customers_dropped,structural,0.65,1201.610150448328,0.15446052683304742
V1_customers_dropped,structural,0.7,1201.305079390504,0.15441823054714904
V1_customers_dropped,structural,0.75,1201.4213095492862,0.1544403126704405
V1_customers_dropped,structural,0.8,1201.9667659740317,0.15452674561221594
V1_customers_dropped,structural,0.85,1202.9494710118433,0.15467742147942581
V1_customers_dropped,structural,0.9,1204.3775229848939,0.15489215251792027
V1_customers_dropped,structural,0.95,1206.259085076127,0.15517067328608627
V1_customers_dropped,structural,1.0,1208.6023595057475,0.15551264085939576
V1_customers_dropped,struct_linear,0.0,1233.46157861048,0.1597238099069776
V1_customers_dropped,struct_linear,0.05,1228.7120072382488,0.15893910569910974
V1_customers_dropped,struct_linear,0.1,1224.3012275244757,0.1582122524916161
V1_customers_dropped,struct_linear,0.15,1220.2339132168804,0.15754405095546403
V1_customers_dropped,struct_linear,0.2,1216.515109257138,0.1569352504090909
V1_customers_dropped,struct_linear,0.25,1213.1502075470776,0.1563865444960087
V1_customers_dropped,struct_linear,0.3,1210.14492858884,0.15589856759767728
V1_customers_dropped,struct_linear,0.35,1207.5053076180577,0.15547189195270664
V1_customers_dropped,struct_linear,0.4,1205.2376697221073,0.15510702296033615
V1_customers_dropped,struct_linear,0.45,1203.3486268593124,0.15480439807620475
V1_customers_dropped,struct_linear,0.5,1201.8450544636619,0.15456438254361757
V1_customers_dropped,struct_linear,0.55,1200.7340886448776,0.15438726856439652
V1_customers_dropped,struct_linear,0.6,1200.023111347184,0.15427327278561095
V1_customers_dropped,struct_linear,0.65,1199.7197426231103,0.15422253519840728
V1_customers_dropped,struct_linear,0.7,1199.8318326705407,0.15423511809756812
V1_customers_dropped,struct_linear,0.75,1200.3674573365197,0.15431100610515866
V1_customers_dropped,struct_linear,0.8,1201.3349116904799,0.15445010590996022
V1_customers_dropped,struct_linear,0.85,1202.7427057251282,0.1546522469194065
V1_customers_dropped,struct_linear,0.9,1204.599561359038,0.15491718204803995
V1_customers_dropped,struct_linear,0.95,1206.9144182420675,0.15524459039937313
V1_customers_dropped,struct_linear,1.0,1209.6964230131373,0.15563407745388722
V2_customers_lagged,linear,0.0,2519.1638451487024,0.27569914171267135
V2_customers_lagged,linear,0.05,2411.246982606033,0.2659980267531755
V2_customers_lagged,linear,0.1,2307.427106877948,0.2564393246632032
V2_customers_lagged,linear,0.15,2207.5679531443066,0.24703956649367748
V2_customers_lagged,linear,0.2,2111.5598307328155,0.23781760181484596
V2_customers_lagged,linear,0.25,2019.3215053772346,0.22879492909495694
V2_customers_lagged,linear,0.3,1930.802590151785,0.21999606748597023
V2_customers_lagged,linear,0.35,1845.9864703554347,0.21144896671723143
V2_customers_lagged,linear,0.4,1764.8932893166996,0.20318539010307968
V2_customers_lagged,linear,0.45,1687.5839413556744,0.19524135174793694
V2_customers_lagged,linear,0.5,1614.1636416643817,0.18765742654916698
V2_customers_lagged,linear,0.55,1544.7862238815042,0.18047902269828106
V2_customers_lagged,linear,0.6,1479.6576640047826,0.1737564075710235
V2_customers_lagged,linear,0.65,1419.0390098263158,0.16754446186854502
V2_customers_lagged,linear,0.7,1363.2472503153272,0.16190196134296714
V2_customers_lagged,linear,0.75,1312.6541233649052,0.1568903668709501
V2_customers_lagged,linear,0.8,1267.6800905586992,0.15257186132323977
V2_customers_lagged,linear,0.85,1228.7832814326464,0.14900671866012574
V2_customers_lagged,linear,0.9,1196.4418343801133,0.1462500459619966
V2_customers_lagged,linear,0.95,1171.1292889073607,0.14434816307161225
V2_customers_lagged,linear,1.0,1153.2846786913465,0.14333510393869275
V2_customers_lagged,structural,0.0,1240.6364163535145,0.1607401521589509
V2_customers_lagged,structural,0.05,1221.8546615764867,0.15792172629422715
V2_customers_lagged,structural,0.1,1203.7926289435102,0.15523357858426368
V2_customers_lagged,structural,0.15,1186.4965414078251,0.15268259008779628
V2_customers_lagged,structural,0.2,1170.015950626158,0.15027574648864106
V2_customers_lagged,structural,0.25,1154.403601897838,0.1480200790958077
V2_customers_lagged,structural,0.3,1139.715259752509,0.1459225980489796
V2_customers_lagged,structural,0.35,1126.0094865715898,0.14399021816637397
V2_customers_lagged,structural,0.4,1113.3472834727029,0.1422296666801404
V2_customers_lagged,structural,0.45,1101.7917590522452,0.1406473984192703
V2_customers_lagged,structural,0.5,1091.4075959556221,0.1392494889888688
V2_customers_lagged,structural,0.55,1082.2605431417737,0.13804154038697186
V2_customers_lagged,structural,0.6,1074.4167482144533,0.13702857639590438
V2_customers_lagged,structural,0.65,1067.9420604691725,0.13621494797205747
V2_customers_lagged,structural,0.7,1062.9012265874126,0.1356042412066032
V2_customers_lagged,structural,0.75,1059.3571265467276,0.1351992071736719
V2_customers_lagged,structural,0.8,1057.3699054020828,0.13500169698994366
V2_customers_lagged,structural,0.85,1056.9961638262128,0.13501262145524556
V2_customers_lagged,structural,0.9,1058.2881749224873,0.13523192962526537
V2_customers_lagged,structural,0.95,1061.2931893078924,0.1356586114751467
V2_customers_lagged,structural,1.0,1066.052825247945,0.13629071914837532
V2_customers_lagged,struct_linear,0.0,1224.3856200377104,0.1599432997802248
V2_customers_lagged,struct_linear,0.05,1207.038428814257,0.1573668696851061
V2_customers_lagged,struct_linear,0.1,1190.3347015211805,0.15489166368770035
V2_customers_lagged,struct_linear,0.15,1174.308115059575,0.1525226098429855
V2_customers_lagged,struct_linear,0.2,1158.9943335002724,0.1502647294527538
V2_customers_lagged,struct_linear,0.25,1144.4309134542061,0.14812310624250297
V2_customers_lagged,struct_linear,0.3,1130.6571919426767,0.14610285206057064
V2_customers_lagged,struct_linear,0.35,1117.7141556076078,0.14420906961415486
V2_customers_lagged,struct_linear,0.4,1105.6442109702537,0.14244680094430684
V2_customers_lagged,struct_linear,0.45,1094.4910131154036,0.140820985665462
V2_customers_lagged,struct_linear,0.5,1084.2991402165858,0.13933639837334755
V2_customers_lagged,struct_linear,0.55,1075.1138293401273,0.13799759820655996
V2_customers_lagged,struct_linear,0.6,1066.9805979088032,0.13680886524137945
V2_customers_lagged,struct_linear,0.65,1059.9448669573178,0.1357741422687395
V2_customers_lagged,struct_linear,0.7,1054.0515079589434,0.13489697081295648
V2_customers_lagged,struct_linear,0.75,1049.344447279151,0.13418044220417455
V2_customers_lagged,struct_linear,0.8,1045.8661692923995,0.13362714054146377
V2_customers_lagged,struct_linear,0.85,1043.6572643970223,0.13323909941447265
V2_customers_lagged,struct_linear,0.9,1042.7559779600094,0.13301776524503883
V2_customers_lagged,struct_linear,0.95,1043.1977833785163,0.13296397004849217
V2_customers_lagged,struct_linear,1.0,1045.0150026335868,0.1330779173276893
V3_sales_lagged,linear,0.0,2049.0594271095815,0.24494942929912222
V3_sales_lagged,linear,0.05,1975.0844869365744,0.2364372117984249
V3_sales_lagged,linear,0.1,1902.9938281516686,0.22806299809623468
V3_sales_lagged,linear,0.15,1832.798367514243,0.219842558669785
V3_sales_lagged,linear,0.2,1764.5272184210355,0.21179380151848226
V3_sales_lagged,linear,0.25,1698.2295667927847,0.2039370538193649
V3_sales_lagged,linear,0.3,1633.976897810024,0.1962953700248101
V3_sales_lagged,linear,0.35,1571.8655834635665,0.18889485999828454
V3_sales_lagged,linear,0.4,1512.0194174384026,0.18176497491720817
V3_sales_lagged,linear,0.45,1454.5927886793515,0.1749388160984502
V3_sales_lagged,linear,0.5,1399.77331141956,0.16845330201696337
V3_sales_lagged,linear,0.55,1347.78474407012,0.1623492666656584
V3_sales_lagged,linear,0.6,1298.8889204103734,0.1566713045874602
V3_sales_lagged,linear,0.65,1253.3867812630942,0.1514673451014086
V3_sales_lagged,linear,0.7,1211.6172855786126,0.14678779703319347
V3_sales_lagged,linear,0.75,1173.9542542249478,0.14268427395121236
V3_sales_lagged,linear,0.8,1140.7991063843774,0.1392077242419215
V3_sales_lagged,linear,0.85,1112.569663841053,0.13640609544171367
V3_sales_lagged,linear,0.9,1089.6842492364124,0.13432162756563237
V3_sales_lagged,linear,0.95,1072.5414541045316,0.13298804250864796
V3_sales_lagged,linear,1.0,1061.4973104562596,0.13242803003981604
V3_sales_lagged,structural,0.0,1240.6364163535145,0.1607401521589509
V3_sales_lagged,structural,0.05,1218.2198267247343,0.15753921608035515
V3_sales_lagged,structural,0.1,1196.4812297853305,0.15446785416754275
V3_sales_lagged,structural,0.15,1175.482223611598,0.15153394523948047
V3_sales_lagged,structural,0.2,1155.28984492388,0.1487456236307374
V3_sales_lagged,structural,0.25,1135.9766120836728,0.14611122415297084
V3_sales_lagged,structural,0.3,1117.6205002835611,0.14363921524392317
V3_sales_lagged,structural,0.35,1100.304829895683,0.14133811998288914
V3_sales_lagged,structural,0.4,1084.1179385374073,0.1392164109400466
V3_sales_lagged,structural,0.45,1069.1528277006928,0.13728240820712265
V3_sales_lagged,structural,0.5,1055.5064764377048,0.1355441444644306
V3_sales_lagged,structural,0.55,1043.2790952244968,0.13400923810622453
V3_sales_lagged,structural,0.6,1032.5730670301436,0.13268474669250305
V3_sales_lagged,structural,0.65,1023.491733166992,0.13157702585227068
V3_sales_lagged,structural,0.7,1016.137920066079,0.13069158494435498
V3_sales_lagged,structural,0.75,1010.6124116776965,0.13003296636594674
V3_sales_lagged,structural,0.8,1007.01218993323,0.12960462801937184
V3_sales_lagged,structural,0.85,1005.4286925094381,0.1294088566520101
V3_sales_lagged,structural,0.9,1005.946088343597,0.12944670722301685
V3_sales_lagged,structural,0.95,1008.639693374309,0.1297179753433212
V3_sales_lagged,structural,1.0,1013.5745927430747,0.13022120239030657
V3_sales_lagged,struct_linear,0.0,1214.5696588328806,0.1594603811759019
V3_sales_lagged,struct_linear,0.05,1194.0951857769041,0.15656290853325888
V3_sales_lagged,struct_linear,0.1,1174.2904504253866,0.15376985624261946
V3_sales_lagged,struct_linear,0.15,1155.200825146454,0.15108701529891017
V3_sales_lagged,struct_linear,0.2,1136.8750043706143,0.14852035887513262
V3_sales_lagged,struct_linear,0.25,1119.3649677101057,0.14607601107562704
V3_sales_lagged,struct_linear,0.3,1102.7259057860047,0.1437602101110744
V3_sales_lagged,struct_linear,0.35,1087.0161024152053,0.14157926606566487
V3_sales_lagged,struct_linear,0.4,1072.2966666860048,0.1395394997327784
V3_sales_lagged,struct_linear,0.45,1058.63130483027,0.13764719002619258
V3_sales_lagged,struct_linear,0.5,1046.0858580332813,0.13590849398624985
V3_sales_lagged,struct_linear,0.55,1034.727873976078,0.13432937790295982
V3_sales_lagged,struct_linear,0.6,1024.6259829237745,0.13291552966417586
V3_sales_lagged,struct_linear,0.65,1015.8492271162761,0.13167227446269675
V3_sales_lagged,struct_linear,0.7,1008.4662422227501,0.13060448110745637
V3_sales_lagged,struct_linear,0.75,1002.5444675891193,0.129716484473097
V3_sales_lagged,struct_linear,0.8,998.1491945320547,0.12901199713650918
V3_sales_lagged,struct_linear,0.85,995.3426487169014,0.1284940376042375
V3_sales_lagged,struct_linear,0.9,994.1830693251703,0.12816486756524711
V3_sales_lagged,struct_linear,0.95,994.7238351895435,0.12802594244444812
V3_sales_lagged,struct_linear,1.0,997.012692719194,0.12807788187591623
