model,category,feature_set,lag_rule,n_features,n_lags,n_train,n_val,n_test,train_start,train_end,val_start,val_end,test_start,test_end,params,n_grid,scaler,seed,stage1,cross_fit_folds,gate_w,stage1_val_RMSE,gate_val_gain_pct,resid_val_r2,stage1_only_test_RMSE,val_MSE,val_RMSE,val_MAE,val_R2,val_nRMSE,val_SMAPE,val_RMSPE,test_MSE,test_RMSE,test_MAE,test_R2,test_nRMSE,test_SMAPE,test_RMSPE,runtime_s,orig_MSE,orig_RMSE,orig_MAE,orig_R2,orig_nRMSE,orig_SMAPE,orig_RMSPE,group,config,resid_test_r2,cross_fit_folds_protocol,augment_stage1,segment_scheme,n_segments,gate_w_map,gate_w_min,gate_w_max,val_oof_RMSE
AR-LRX [struct_linear],rossmann,V3_sales_lagged,,17,0,589839,119588,129333,2013-01-08,2014-10-23,2014-10-24,2015-03-12,2015-03-13,2015-07-31,"{""colsample_bytree"": 0.8, ""learning_rate"": 0.2, ""max_bin"": 256, ""max_depth"": 9, ""n_estimators"": 900, ""subsample"": 0.8}",88,none,1,struct_linear,5.0,0.7,0.1986575110888859,8.4128,0.0686033769810835,0.1594603811759019,0.033103943721416,0.1819448919904486,0.1234657741560779,0.8148697867192194,0.0206651899674467,1.4102245444538852,0.0210222615646614,0.0170848005808364,0.1307088389545117,0.0980795408759842,0.9006499834973428,0.0148527734762714,1.1200704353242248,0.0149025186719334,376.299,1021757.4344284484,1010.8201790765992,693.2948857537566,0.8953118180442827,0.1399100563885944,9.773268607203264,0.1282042487992145,seed1,V3_sales_lagged,0.266637478068235,5,,,,,,,
AR-LRX-Aug [structural],rossmann,V3_sales_lagged,,17,0,589839,119588,129333,2013-01-08,2014-10-23,2014-10-24,2015-03-12,2015-03-13,2015-07-31,"{""colsample_bytree"": 0.8, ""learning_rate"": 0.2, ""max_bin"": 256, ""max_depth"": 6, ""n_estimators"": 900, ""subsample"": 0.8}",88,none,1,structural,5.0,0.9000000000000002,0.2021597443509143,15.7764,0.2343942327243278,0.1607401521589509,0.028990613220688,0.1702663008956501,0.112560116813991,0.8378731412229145,0.0193387427070377,1.285573698484998,0.0197354725055395,0.0147839835669798,0.1215894056527125,0.0914533332440888,0.9140294904582053,0.0138165093785486,1.0438037033834346,0.0138723875810386,331.078,907612.9133030764,952.68720643403,650.517505310479,0.9070069444942366,0.1318637315834362,9.117484081408511,0.1199633164241541,seed1,V3_sales_lagged,0.3733008339254435,5,True,global,1.0,"{""0"": 0.9}",0.9,0.9,0.1767095493364285
AR-LRX-Aug [struct_linear],rossmann,V3_sales_lagged,,17,0,589839,119588,129333,2013-01-08,2014-10-23,2014-10-24,2015-03-12,2015-03-13,2015-07-31,"{""colsample_bytree"": 0.8, ""learning_rate"": 0.1, ""max_bin"": 256, ""max_depth"": 6, ""n_estimators"": 900, ""subsample"": 0.8}",88,none,1,struct_linear,5.0,0.9000000000000002,0.1986575110888859,14.5261,0.2198115647107981,0.1594603811759019,0.0288321797070888,0.169800411386689,0.1125538087701171,0.8387591634567088,0.0192858272604912,1.2855480258229612,0.0197045512915936,0.014667153831912,0.1211080254645086,0.0910695593152058,0.9147088683679484,0.0137618089394004,1.0395467363545974,0.0138239748177624,341.898,897165.7093267466,947.1883177735812,647.0610761626956,0.9080773539221008,0.1311026171552886,9.07944002097209,0.1197389699407426,seed1,V3_sales_lagged,0.378977975506682,5,True,global,1.0,"{""0"": 0.9}",0.9,0.9,0.1754828087809801
"LR-XGB (residual, tanpa gerbang)",rossmann,V3_sales_lagged,,17,0,589839,119588,129333,2013-01-08,2014-10-23,2014-10-24,2015-03-12,2015-03-13,2015-07-31,"{""colsample_bytree"": 0.8, ""learning_rate"": 0.1, ""max_bin"": 256, ""max_depth"": 9, ""n_estimators"": 900, ""subsample"": 0.8}",8,none,1,,5.0,,,,,,0.0354159635297659,0.1881912950424804,0.1231084129931233,0.8019400668093737,0.0213746526199638,1.4039485302548276,0.0218511015367435,0.0176850580952367,0.1329851799834732,0.0991114395646123,0.8971594192569616,0.015111439821473,1.1310448243449625,0.0152094916049565,367.668,1134894.4165539392,1065.3142337141371,709.0325653005664,0.8837199229705762,0.1474527097853103,9.872916516170491,0.134725372168491,seed1,V3_sales_lagged,,5,,,,,,,
XGBoost,rossmann,V3_sales_lagged,,17,0,589839,119588,129333,2013-01-08,2014-10-23,2014-10-24,2015-03-12,2015-03-13,2015-07-31,"{""colsample_bytree"": 0.8, ""learning_rate"": 0.1, ""max_bin"": 256, ""max_depth"": 9, ""n_estimators"": 900, ""subsample"": 0.8}",8,none,1,,,,,,,,0.0343612220830377,0.1853678021745894,0.1214080204353224,0.8078385939042754,0.021053962020473,1.385401028015149,0.0215454739740878,0.0171913039579864,0.1311156129451654,0.0978385097894897,0.9000306545079658,0.0148989962259151,1.1172515500935654,0.0150193514835707,318.868,1032349.5420244578,1016.046033418003,693.7721290011317,0.8942265619453869,0.1406333794788124,9.747425266645616,0.1321949501865713,seed1,V3_sales_lagged,,5,,,,,,,
XGBoost (grid Zhao),rossmann,V3_sales_lagged,,17,0,589839,119588,129333,2013-01-08,2014-10-23,2014-10-24,2015-03-12,2015-03-13,2015-07-31,"{""colsample_bytree"": 0.7, ""learning_rate"": 0.1, ""max_bin"": 256, ""max_depth"": 10, ""n_estimators"": 1000, ""subsample"": 0.9}",8,none,1,,,,,,,,0.0341238945309879,0.184726539866333,0.1208671028800425,0.8091658224876165,0.0209811278382428,1.3794208454058483,0.0214787282722019,0.0172106468031582,0.1311893547630989,0.0976200014459511,0.899918173710901,0.0149073756937939,1.1147092148048034,0.0150345631426208,418.992,1030966.6384910712,1015.36527343172,692.4415249324474,0.8943682527732215,0.1405391538489333,9.725171618322957,0.1332885177281487,seed1,V3_sales_lagged,,5,,,,,,,
AR-LRX [struct_linear],rossmann,V3_sales_lagged,,17,0,589839,119588,129333,2013-01-08,2014-10-23,2014-10-24,2015-03-12,2015-03-13,2015-07-31,"{""colsample_bytree"": 0.8, ""learning_rate"": 0.2, ""max_bin"": 256, ""max_depth"": 9, ""n_estimators"": 900, ""subsample"": 0.8}",88,none,2,struct_linear,5.0,0.7,0.1986575110888859,8.8123,0.0826873172594002,0.1594603811759019,0.0328157831092244,0.1811512713431084,0.1230824826192183,0.8164812936757041,0.0205750510179002,1.4057742719490771,0.0209246305487006,0.0170636549677222,0.1306279256810052,0.0979871761034051,0.9007729475905976,0.014843579097894,1.11903736507196,0.0148950463137415,300.317,1022406.5050499076,1011.1411894735114,692.6613899077558,0.895245314957511,0.139954488211052,9.76411882960919,0.1280546467728189,seed2,V3_sales_lagged,0.2692805699897876,5,,,,,,,
AR-LRX-Aug [structural],rossmann,V3_sales_lagged,,17,0,589839,119588,129333,2013-01-08,2014-10-23,2014-10-24,2015-03-12,2015-03-13,2015-07-31,"{""colsample_bytree"": 0.8, ""learning_rate"": 0.1, ""max_bin"": 256, ""max_depth"": 6, ""n_estimators"": 900, ""subsample"": 0.8}",88,none,2,structural,5.0,0.9000000000000002,0.2021597443509143,15.5732,0.2332120857279662,0.1607401521589509,0.0291306190119753,0.1706769434105713,0.1128589008791252,0.8370901740266286,0.0193853832336649,1.2889306786625263,0.0197988247415742,0.0147539517334255,0.1214658459544309,0.0912988545344183,0.9142041289121404,0.0138024689798728,1.041900087673003,0.013858071502982,265.475,910418.6974086869,954.1586332516656,650.0087437151919,0.9067194668336108,0.1320673953144226,9.10202795320999,0.1201868814701264,seed2,V3_sales_lagged,0.3778236491524432,5,True,global,1.0,"{""0"": 0.9}",0.9,0.9,0.1775346981650136
AR-LRX-Aug [struct_linear],rossmann,V3_sales_lagged,,17,0,589839,119588,129333,2013-01-08,2014-10-23,2014-10-24,2015-03-12,2015-03-13,2015-07-31,"{""colsample_bytree"": 0.8, ""learning_rate"": 0.1, ""max_bin"": 256, ""max_depth"": 6, ""n_estimators"": 900, ""subsample"": 0.8}",88,none,2,struct_linear,5.0,0.9000000000000002,0.1986575110888859,14.3246,0.2156922268402371,0.1594603811759019,0.028968239349873,0.1702005856331671,0.1126601805310043,0.837998264667745,0.0193312788075673,1.2869125726614774,0.0197545404245527,0.014693090303479,0.1212150580723329,0.0911933275785327,0.9145580448996844,0.0137739713233012,1.0409236874979706,0.0138362000292041,277.136,899193.2493102109,948.2580077754212,648.1144901178891,0.9078696143279864,0.1312506755256829,9.091755435281565,0.1200790098211149,seed2,V3_sales_lagged,0.3779084274779748,5,True,global,1.0,"{""0"": 0.9}",0.9,0.9,0.1759523860970822
"LR-XGB (residual, tanpa gerbang)",rossmann,V3_sales_lagged,,17,0,589839,119588,129333,2013-01-08,2014-10-23,2014-10-24,2015-03-12,2015-03-13,2015-07-31,"{""colsample_bytree"": 0.8, ""learning_rate"": 0.1, ""max_bin"": 256, ""max_depth"": 9, ""n_estimators"": 900, ""subsample"": 0.8}",8,none,2,,5.0,,,,,,0.0350367652378767,0.1871811027798391,0.1226649728454506,0.8040606921114201,0.0212599155983154,1.3987606788964355,0.0217117227088895,0.0175498851922926,0.1324759796804412,0.0986793801005283,0.8979454647290563,0.0150535781128427,1.1261672384336263,0.0151548072170133,301.608,1130871.8022574785,1063.4245635010875,705.8291729665495,0.8841320757606767,0.1471911559782769,9.830015274145072,0.134674168731005,seed2,V3_sales_lagged,,5,,,,,,,
XGBoost,rossmann,V3_sales_lagged,,17,0,589839,119588,129333,2013-01-08,2014-10-23,2014-10-24,2015-03-12,2015-03-13,2015-07-31,"{""colsample_bytree"": 0.8, ""learning_rate"": 0.1, ""max_bin"": 256, ""max_depth"": 9, ""n_estimators"": 900, ""subsample"": 0.8}",8,none,2,,,,,,,,0.0336529180236126,0.1834473167522834,0.1207286471865959,0.8117997075012688,0.0208358344564206,1.377241164146711,0.0213110966513183,0.0171942225564697,0.1311267423391193,0.0977575169763347,0.9000136825330157,0.0149002608868872,1.1162042856144112,0.0150167324899146,265.858,1032841.5682176574,1016.288132479002,693.5628653255078,0.8941761494640044,0.1406668889931425,9.739293987312722,0.1323158726997052,seed2,V3_sales_lagged,,5,,,,,,,
XGBoost (grid Zhao),rossmann,V3_sales_lagged,,17,0,589839,119588,129333,2013-01-08,2014-10-23,2014-10-24,2015-03-12,2015-03-13,2015-07-31,"{""colsample_bytree"": 0.7, ""learning_rate"": 0.1, ""max_bin"": 256, ""max_depth"": 10, ""n_estimators"": 1000, ""subsample"": 0.9}",8,none,2,,,,,,,,0.0335911229608675,0.1832788120893072,0.1205494580719772,0.8121452896845266,0.020816695799475,1.3754732858576666,0.021299102398012,0.0172246861082211,0.1312428516461795,0.0976653956427255,0.8998365335897254,0.0149134546789065,1.1152103085672538,0.0150365767951948,361.633,1035689.4317965092,1017.688278303582,692.8130232513741,0.8938843603852249,0.1408606865501405,9.729617710602698,0.1331190759533224,seed2,V3_sales_lagged,,5,,,,,,,
AR-LRX [struct_linear],rossmann,V3_sales_lagged,,17,0,589839,119588,129333,2013-01-08,2014-10-23,2014-10-24,2015-03-12,2015-03-13,2015-07-31,"{""colsample_bytree"": 0.8, ""learning_rate"": 0.2, ""max_bin"": 256, ""max_depth"": 9, ""n_estimators"": 900, ""subsample"": 0.8}",88,none,3,struct_linear,5.0,0.7,0.1986575110888859,8.4549,0.0691867089042665,0.1594603811759019,0.0330734849202935,0.1818611693580945,0.1234872378622975,0.8150401242595298,0.0206556808018788,1.4106027905217438,0.0210103304113802,0.0170183399936022,0.1304543598106336,0.0979022207046898,0.9010364592075656,0.0148238563723579,1.1180453025765118,0.0148769041951835,281.15,1017742.9737344376,1008.8324805112284,692.1633739819505,0.8957231354249325,0.1396349342411333,9.755817463251711,0.128060520229405,seed3,V3_sales_lagged,0.2727425855227484,5,,,,,,,
AR-LRX-Aug [structural],rossmann,V3_sales_lagged,,17,0,589839,119588,129333,2013-01-08,2014-10-23,2014-10-24,2015-03-12,2015-03-13,2015-07-31,"{""colsample_bytree"": 0.8, ""learning_rate"": 0.1, ""max_bin"": 256, ""max_depth"": 6, ""n_estimators"": 900, ""subsample"": 0.8}",88,none,3,structural,5.0,0.9000000000000002,0.2021597443509143,15.5026,0.2314184503107973,0.1607401521589509,0.0291793859624726,0.1708197469921807,0.1129520868136405,0.8368174501474863,0.0194016027774493,1.2900487844343964,0.0198184461587744,0.0147502564470261,0.1214506337860209,0.0913276173051738,0.9142256174137487,0.0138007403829907,1.0423199313987248,0.0138578734926133,269.025,907457.5182961874,952.6056467899964,649.836158097909,0.9070228661016632,0.1318524427166012,9.104950285162056,0.1200342640247227,seed3,V3_sales_lagged,0.3779735559316332,5,True,global,1.0,"{""0"": 0.9}",0.9,0.9,0.1776917880770609
AR-LRX-Aug [struct_linear],rossmann,V3_sales_lagged,,17,0,589839,119588,129333,2013-01-08,2014-10-23,2014-10-24,2015-03-12,2015-03-13,2015-07-31,"{""colsample_bytree"": 0.8, ""learning_rate"": 0.1, ""max_bin"": 256, ""max_depth"": 6, ""n_estimators"": 900, ""subsample"": 0.8}",88,none,3,struct_linear,5.0,0.9000000000000002,0.1986575110888859,14.0803,0.2105603244763846,0.1594603811759019,0.0291336746740968,0.1706858947719373,0.112917274574105,0.8370730855677723,0.0193863999238345,1.289796387941795,0.019808366944225,0.0147369825156654,0.1213959740504824,0.0913265649461311,0.9143028068016792,0.0137945292600344,1.042376947394966,0.0138552999882359,273.295,901851.3608169104,949.6585495939636,649.3410779750276,0.9075972670450644,0.1314445278931592,9.104929871340186,0.1201439712391545,seed3,V3_sales_lagged,0.3763135493670511,5,True,global,1.0,"{""0"": 0.9}",0.9,0.9,0.1764538343941796
"LR-XGB (residual, tanpa gerbang)",rossmann,V3_sales_lagged,,17,0,589839,119588,129333,2013-01-08,2014-10-23,2014-10-24,2015-03-12,2015-03-13,2015-07-31,"{""colsample_bytree"": 0.8, ""learning_rate"": 0.1, ""max_bin"": 256, ""max_depth"": 9, ""n_estimators"": 900, ""subsample"": 0.8}",8,none,3,,5.0,,,,,,0.0350936378685135,0.187332959909658,0.122874862165735,0.8037426380956134,0.0212771634385888,1.4012819000563408,0.0217447999648834,0.0174781394497958,0.1322049146204325,0.0986318652569488,0.8983626742052412,0.0150227763096453,1.1254027671585694,0.0151116444415802,306.901,1132641.2747439807,1064.2562072846845,706.5842946041483,0.8839507774883169,0.1473062657980715,9.825758667044614,0.1335957748511872,seed3,V3_sales_lagged,,5,,,,,,,
XGBoost,rossmann,V3_sales_lagged,,17,0,589839,119588,129333,2013-01-08,2014-10-23,2014-10-24,2015-03-12,2015-03-13,2015-07-31,"{""colsample_bytree"": 0.8, ""learning_rate"": 0.1, ""max_bin"": 256, ""max_depth"": 9, ""n_estimators"": 900, ""subsample"": 0.8}",8,none,3,,,,,,,,0.0338022347157108,0.1838538406335611,0.1206714583503281,0.8109646701024876,0.0208820071911481,1.3768846136305852,0.0213671757121374,0.0171462379198716,0.1309436440606097,0.097719621128988,0.9002927185343634,0.0148794549698861,1.1158107195801013,0.0150005080665385,258.202,1031839.2876301708,1015.7949043139422,693.2963812927045,0.8942788420689005,0.1405986200944656,9.7357226260005,0.1327021425842694,seed3,V3_sales_lagged,,5,,,,,,,
XGBoost (grid Zhao),rossmann,V3_sales_lagged,,17,0,589839,119588,129333,2013-01-08,2014-10-23,2014-10-24,2015-03-12,2015-03-13,2015-07-31,"{""colsample_bytree"": 0.7, ""learning_rate"": 0.1, ""max_bin"": 256, ""max_depth"": 10, ""n_estimators"": 1000, ""subsample"": 0.9}",8,none,3,,,,,,,,0.0337097373769247,0.18360211702735,0.1204869109278309,0.8114819514331197,0.0208534165773379,1.374862965082092,0.0213408417221884,0.0170517717871307,0.1305824329193277,0.0972893912087998,0.9008420496080476,0.0148384096411885,1.1109066318961125,0.0149544936376498,354.587,1024483.1089493016,1012.1675300805206,689.9412097785854,0.8950325483266606,0.1400965464872646,9.692801706695157,0.1317867640414615,seed3,V3_sales_lagged,,5,,,,,,,
AR-LRX [struct_linear],rossmann,V3_sales_lagged,,17,0,589839,119588,129333,2013-01-08,2014-10-23,2014-10-24,2015-03-12,2015-03-13,2015-07-31,"{""colsample_bytree"": 0.8, ""learning_rate"": 0.1, ""max_bin"": 256, ""max_depth"": 9, ""n_estimators"": 900, ""subsample"": 0.8}",88,none,4,struct_linear,5.0,0.8,0.1986575110888859,8.5379,0.0947295219207843,0.1594603811759019,0.033013524300474,0.1816962418446623,0.123349591692614,0.815375447519775,0.0206369484353988,1.4092079086933953,0.020998429124203,0.0166017099343625,0.128847622928646,0.0968050887687198,0.9034592093628936,0.0146412788272201,1.1054461256226822,0.0146908910187474,281.752,992166.374281884,996.0754862368032,684.5763780227319,0.8983436866507675,0.1378692079277604,9.647512062021594,0.1263206665685104,seed4,V3_sales_lagged,0.2987672379423076,5,,,,,,,
AR-LRX-Aug [structural],rossmann,V3_sales_lagged,,17,0,589839,119588,129333,2013-01-08,2014-10-23,2014-10-24,2015-03-12,2015-03-13,2015-07-31,"{""colsample_bytree"": 0.8, ""learning_rate"": 0.1, ""max_bin"": 256, ""max_depth"": 9, ""n_estimators"": 900, ""subsample"": 0.8}",88,none,4,structural,5.0,0.9000000000000002,0.2021597443509143,15.7438,0.2325090591100264,0.1607401521589509,0.0290130358876449,0.1703321340430071,0.1118025483197209,0.8377477448909554,0.0193462199958003,1.276829093560145,0.0197365611213331,0.0144544233552022,0.120226550126011,0.0903496419898577,0.915945919761773,0.0136616446840039,1.03124324786044,0.0137218526405193,290.497,890725.8068308706,943.7827116613604,642.6601488058673,0.9087371794947352,0.1306312390080563,9.00790020237174,0.1190151319007939,seed4,V3_sales_lagged,0.3888760865472171,5,True,global,1.0,"{""0"": 0.9}",0.9,0.9,0.1768460849446399
AR-LRX-Aug [struct_linear],rossmann,V3_sales_lagged,,17,0,589839,119588,129333,2013-01-08,2014-10-23,2014-10-24,2015-03-12,2015-03-13,2015-07-31,"{""colsample_bytree"": 0.8, ""learning_rate"": 0.1, ""max_bin"": 256, ""max_depth"": 6, ""n_estimators"": 900, ""subsample"": 0.8}",88,none,4,struct_linear,5.0,0.9000000000000002,0.1986575110888859,14.0439,0.2097397957033828,0.1594603811759019,0.0291584092518409,0.1707583358194876,0.1129778570272539,0.8369347601255923,0.0193946277338746,1.2905099099200843,0.0198163464918273,0.0146684667320622,0.1211134457112928,0.0911110731570166,0.9147012337074808,0.0137624248556485,1.0399405884314814,0.0138221910061148,272.757,899826.4126758208,948.5918050857392,647.8916026155925,0.9078047410817608,0.1312968772156329,9.083625028325743,0.119711222890384,seed4,V3_sales_lagged,0.3789395666984014,5,True,global,1.0,"{""0"": 0.9}",0.9,0.9,0.176476226686509
"LR-XGB (residual, tanpa gerbang)",rossmann,V3_sales_lagged,,17,0,589839,119588,129333,2013-01-08,2014-10-23,2014-10-24,2015-03-12,2015-03-13,2015-07-31,"{""colsample_bytree"": 0.8, ""learning_rate"": 0.1, ""max_bin"": 256, ""max_depth"": 9, ""n_estimators"": 900, ""subsample"": 0.8}",8,none,4,,5.0,,,,,,0.0353008450663404,0.1878851911842455,0.123109394797526,0.80258385432502,0.0213398855302643,1.4039613731195204,0.0218013335332344,0.017491490842162,0.1322554000491551,0.0985082591343937,0.8982850343729446,0.0150285130956398,1.124197872195472,0.0151261202082102,352.91,1126781.0770472828,1061.499447502109,704.6723077019299,0.8845512071226866,0.1469246960346124,9.813017572524732,0.1341051676415451,seed4,V3_sales_lagged,,5,,,,,,,
XGBoost,rossmann,V3_sales_lagged,,17,0,589839,119588,129333,2013-01-08,2014-10-23,2014-10-24,2015-03-12,2015-03-13,2015-07-31,"{""colsample_bytree"": 0.8, ""learning_rate"": 0.1, ""max_bin"": 256, ""max_depth"": 9, ""n_estimators"": 900, ""subsample"": 0.8}",8,none,4,,,,,,,,0.0339682766528591,0.1843048470682719,0.121087766124644,0.8100360985855564,0.0209332322271899,1.3815372508883994,0.0214081623048666,0.017229779454043,0.1312622544909352,0.097892682610205,0.8998069152170045,0.0149156594728612,1.1177486826950542,0.0150324037599184,346.865,1036220.6941653996,1017.9492591310236,694.6943237583108,0.8938299278069372,0.1408968095352564,9.752739091933064,0.1325987920835944,seed4,V3_sales_lagged,,5,,,,,,,
XGBoost (grid Zhao),rossmann,V3_sales_lagged,,17,0,589839,119588,129333,2013-01-08,2014-10-23,2014-10-24,2015-03-12,2015-03-13,2015-07-31,"{""colsample_bytree"": 0.7, ""learning_rate"": 0.1, ""max_bin"": 256, ""max_depth"": 10, ""n_estimators"": 1000, ""subsample"": 0.9}",8,none,4,,,,,,,,0.0339031679165729,0.1841281290747639,0.1211490429154453,0.810400212128539,0.0209131607051672,1.3825839029341085,0.0213951602858369,0.0173038117169523,0.1315439535552751,0.0980365049543018,0.8993764093701864,0.0149476696446643,1.1193633029257406,0.0150646109126714,488.651,1044924.2829702356,1022.2153799323484,695.8371560921651,0.892938167338389,0.1414872935938742,9.766650048693853,0.1332299197432159,seed4,V3_sales_lagged,,5,,,,,,,
LightGBM (Zeng),rossmann,V3_sales_lagged,,17,0,589839,119588,129333,2013-01-08,2014-10-23,2014-10-24,2015-03-12,2015-03-13,2015-07-31,"{""colsample_bytree"": 0.8, ""learning_rate"": 0.1, ""n_estimators"": 900, ""num_leaves"": 127, ""subsample"": 0.8}",4,none,1,,,,,,,,0.0342045736330177,0.1849447853631396,0.1208347826174995,0.8087146333636928,0.0210059160287862,1.3780866336615147,0.0214969168489591,0.0171127371300483,0.1308156608745617,0.0978767735716473,0.9004875293550136,0.0148649119191915,1.1173292709136229,0.0150009771107792,125.527,1029201.3838555644,1014.4956302791868,695.8891715944184,0.8945491188890463,0.1404187844449311,9.75187186308584,0.1328252890197596,seed1,V3_sales_lagged,,5,,,,,,,
LightGBM (Zeng),rossmann,V3_sales_lagged,,17,0,589839,119588,129333,2013-01-08,2014-10-23,2014-10-24,2015-03-12,2015-03-13,2015-07-31,"{""colsample_bytree"": 0.8, ""learning_rate"": 0.1, ""n_estimators"": 900, ""num_leaves"": 127, ""subsample"": 0.8}",4,none,2,,,,,,,,0.0339060374126347,0.1841359210274701,0.1203421580696615,0.8103841647831713,0.0209140457104077,1.3726712822090483,0.0213888112449535,0.0170666380617456,0.1306393434679832,0.0977731140952659,0.9007556005669048,0.0148448765296893,1.1160628910568449,0.0149703796794104,125.497,1030859.234520456,1015.3123827278264,695.4214255499288,0.8943792572700225,0.1405318331191761,9.7416516209998,0.1325104724487014,seed2,V3_sales_lagged,,5,,,,,,,
LightGBM (Zeng),rossmann,V3_sales_lagged,,17,0,589839,119588,129333,2013-01-08,2014-10-23,2014-10-24,2015-03-12,2015-03-13,2015-07-31,"{""colsample_bytree"": 0.8, ""learning_rate"": 0.1, ""n_estimators"": 900, ""num_leaves"": 127, ""subsample"": 0.8}",4,none,3,,,,,,,,0.0339151856833499,0.184160760433242,0.1206268576237477,0.8103330040718398,0.0209168669549798,1.3757913373211688,0.021392569934786,0.0170084788012854,0.1304165587695268,0.0978280819860432,0.9010938031382002,0.0148195609451686,1.116554897558269,0.0149344312153943,140.52,1034273.754381017,1016.9925045844816,696.5780461808129,0.8940294091902249,0.1407643828333291,9.747754349172952,0.1318617602571503,seed3,V3_sales_lagged,,5,,,,,,,
LightGBM (Zeng),rossmann,V3_sales_lagged,n/a,17,0,589839,119588,129333,2013-01-08,2014-10-23,2014-10-24,2015-03-12,2015-03-13,2015-07-31,"{""colsample_bytree"": 0.8, ""learning_rate"": 0.1, ""n_estimators"": 900, ""num_leaves"": 127, ""subsample"": 0.8}",4,none,4,,,,,,,,0.034141037831187784,0.1847729358731624,0.12061702268122497,0.8090699504414022,0.02098639746842801,1.3755499782508391,0.02146476942381924,0.017058011259723175,0.13060632166829894,0.0977456033284851,0.9008057663806203,0.014841124179699763,1.1157806254846845,0.014965913407749146,133.457,1030637.2624263699,1015.2030646261712,695.1315747646033,0.8944020002951201,0.1405167021373423,9.73903756574909,0.1320520163536894,seed4,V3_sales_lagged,,5,,,,,,,
