model,category,feature_set,lag_rule,n_features,n_lags,n_train,n_val,n_test,train_start,train_end,val_start,val_end,test_start,test_end,params,n_grid,scaler,seed,val_MSE,val_RMSE,val_MAE,val_R2,val_nRMSE,val_SMAPE,val_RMSPE,test_MSE,test_RMSE,test_MAE,test_R2,test_nRMSE,test_SMAPE,test_RMSPE,runtime_s,orig_MSE,orig_RMSE,orig_MAE,orig_R2,orig_nRMSE,orig_SMAPE,orig_RMSPE,origin_origin,origin_train_end,origin_val_start,origin_test_start,origin_test_end,group,config,resid_test_r2,cross_fit_folds_protocol,stage1,gate_w,stage1_val_RMSE,gate_val_gain_pct,resid_val_r2,stage1_only_test_RMSE,cross_fit_folds,augment_stage1,segment_scheme,n_segments,gate_w_map,gate_w_min,gate_w_max,val_oof_RMSE
SeasonalNaive(store x dow x promo median),rossmann,V3_sales_lagged,,17,0,723962,74516,40282,2013-01-08,2015-03-27,2015-03-28,2015-06-19,2015-06-20,2015-07-31,{},0,none,42,0.031780766206327,0.1782716079647205,0.131405081184977,0.8148443734202275,0.0201810895867657,1.4972227454845908,0.0201095373585066,0.0219534243454204,0.1481668800556332,0.1109648056491152,0.8731923129275411,0.0169051932046207,1.2706707289258996,0.0168760472804513,0.0,1317423.925484361,1147.790889267013,764.6459941073307,0.8588127335695039,0.1644720475195887,11.044247627397636,0.1447680594439682,0,2015-03-27,2015-03-28,2015-06-20,2015-07-31,origin0,V3_sales_lagged,,5,,,,,,,,,,,,,,
S1 [structural],rossmann,V3_sales_lagged,,17,0,723962,74516,40282,2013-01-08,2015-03-27,2015-03-28,2015-06-19,2015-06-20,2015-07-31,{},0,none,42,0.0299213928888398,0.1729780127323697,0.1276062073327546,0.8256771340091307,0.0195818325270477,1.4537610915158414,0.0195419521102874,0.0214099108938208,0.1463212591998197,0.1093691173825925,0.8763317631839421,0.0166946159343273,1.2527560198487524,0.0167176931756731,4.797,1268960.271062187,1126.4813673834942,752.4033623294389,0.8640065445795653,0.1614185116110714,10.886369301998531,0.1453365384138352,0,2015-03-27,2015-03-28,2015-06-20,2015-07-31,origin0,V3_sales_lagged,,5,structural,0.0,0.1729780127323697,0.0,,0.1463212591998197,,,,,,,,
AR-LRX [struct_linear],rossmann,V3_sales_lagged,,17,0,723962,74516,40282,2013-01-08,2015-03-27,2015-03-28,2015-06-19,2015-06-20,2015-07-31,"{""colsample_bytree"": 0.8, ""learning_rate"": 0.1, ""max_bin"": 256, ""max_depth"": 9, ""n_estimators"": 900, ""subsample"": 0.8}",88,none,42,0.0170123278833275,0.1304313148110054,0.0983604045559265,0.900885705260594,0.0147653688614367,1.119232827419378,0.0147962963240358,0.0154470653885629,0.1242862236475262,0.0937004726132769,0.9107744375929528,0.0141805147185742,1.0719916136852077,0.0142715781740055,457.366,951546.218644815,975.4723054217454,654.2055041621257,0.8980235542303946,0.1397797533258212,9.339442022494095,0.1296483385833715,0,2015-03-27,2015-03-28,2015-06-20,2015-07-31,origin0,V3_sales_lagged,0.2820269521184896,5,struct_linear,1.0,0.1708250329749426,23.6463,0.3006115258478896,0.1471271025786382,5.0,,,,,,,
AR-LRX-Aug [structural],rossmann,V3_sales_lagged,,17,0,723962,74516,40282,2013-01-08,2015-03-27,2015-03-28,2015-06-19,2015-06-20,2015-07-31,"{""colsample_bytree"": 0.8, ""learning_rate"": 0.1, ""max_bin"": 256, ""max_depth"": 9, ""n_estimators"": 900, ""subsample"": 0.8}",88,none,42,0.0149888384496245,0.1224289118207972,0.0929007184961932,0.9126746109006424,0.0138594634651789,1.0566506446410722,0.0139034629619783,0.0140548674986414,0.1185532264370796,0.0886669513616792,0.9188160711709474,0.0135264048024596,1.0154960652731089,0.0136521779172368,441.241,847254.3026996107,920.464177847031,613.8893740720704,0.9092004352921902,0.1318973947385269,8.839419568863896,0.1237080568313765,0,2015-03-27,2015-03-28,2015-06-20,2015-07-31,origin0,V3_sales_lagged,0.330016201190602,5,structural,1.0,0.1729780127323697,29.2228,0.3943339858488572,0.1463212591998197,5.0,True,global,1.0,"{""0"": 1.0}",1.0,1.0,0.1224289118207972
AR-LRX-Aug [struct_linear],rossmann,V3_sales_lagged,,17,0,723962,74516,40282,2013-01-08,2015-03-27,2015-03-28,2015-06-19,2015-06-20,2015-07-31,"{""colsample_bytree"": 0.8, ""learning_rate"": 0.1, ""max_bin"": 256, ""max_depth"": 9, ""n_estimators"": 900, ""subsample"": 0.8}",88,none,42,0.0150193577126899,0.1225534891901895,0.0930476341516093,0.9124968048263984,0.0138735661430024,1.058436889758771,0.0139167451601681,0.0140323053205623,0.1184580318955299,0.0885067766277958,0.9189463951501368,0.0135155435214748,1.013677221028552,0.0136422957629853,446.629,840325.8853456065,916.6929067826404,612.3592125484437,0.9099429482282156,0.131356992580336,8.823394676494704,0.1236729218220824,0,2015-03-27,2015-03-28,2015-06-20,2015-07-31,origin0,V3_sales_lagged,0.3477844000539059,5,struct_linear,1.0,0.1708250329749426,28.2579,0.3825438972571527,0.1471271025786382,5.0,True,global,1.0,"{""0"": 1.0}",1.0,1.0,0.1225534891901895
"LR-XGB (residual, tanpa gerbang)",rossmann,V3_sales_lagged,,17,0,723962,74516,40282,2013-01-08,2015-03-27,2015-03-28,2015-06-19,2015-06-20,2015-07-31,"{""colsample_bytree"": 0.8, ""learning_rate"": 0.1, ""max_bin"": 256, ""max_depth"": 9, ""n_estimators"": 900, ""subsample"": 0.8}",8,none,42,0.0184660528304965,0.1358898555098816,0.1027124722422362,0.892416263343422,0.0153832984359477,1.167476823263773,0.0154326360284354,0.016662694172425,0.1290840585526543,0.0956548302106208,0.9037527050379393,0.0147279267043338,1.096277070177551,0.014917473148315,471.788,994391.066631718,997.1915897317416,660.3298892250542,0.893431906203601,0.142892005909919,9.528784235153928,0.1371082356760185,0,2015-03-27,2015-03-28,2015-06-20,2015-07-31,origin0,V3_sales_lagged,,5,,,,,,,5.0,,,,,,,
XGBoost,rossmann,V3_sales_lagged,,17,0,723962,74516,40282,2013-01-08,2015-03-27,2015-03-28,2015-06-19,2015-06-20,2015-07-31,"{""colsample_bytree"": 0.8, ""learning_rate"": 0.1, ""max_bin"": 256, ""max_depth"": 9, ""n_estimators"": 900, ""subsample"": 0.8}",8,none,42,0.0180046009934692,0.1341812244446639,0.1014260978623481,0.8951046945620548,0.0151898742727197,1.1536516019742138,0.0152719289451751,0.0163317630397402,0.1277957864709953,0.0949824017777894,0.9056642342306408,0.0145809404923519,1.0888889188500153,0.0147721815554678,407.022,940295.2104257438,969.688202684628,652.2745995486451,0.8992293157656982,0.138950923589383,9.463059954629331,0.1347340395275265,0,2015-03-27,2015-03-28,2015-06-20,2015-07-31,origin0,V3_sales_lagged,,5,,,,,,,,,,,,,,
XGBoost (grid Zhao),rossmann,V3_sales_lagged,,17,0,723962,74516,40282,2013-01-08,2015-03-27,2015-03-28,2015-06-19,2015-06-20,2015-07-31,"{""colsample_bytree"": 0.7, ""learning_rate"": 0.1, ""max_bin"": 256, ""max_depth"": 10, ""n_estimators"": 1000, ""subsample"": 0.9}",8,none,42,0.0178804952647415,0.1337179691168749,0.100907527604618,0.8958277379844677,0.0151374318373909,1.1478222135002707,0.0152258895072628,0.0161833526674206,0.1272138069056209,0.0944862360353158,0.9065214843687196,0.0145145391684521,1.083221734220125,0.0147158279240779,562.495,933771.0921792628,966.3183182467684,648.9091235846412,0.8999285002903389,0.1384680379012477,9.413934190452602,0.1345597937843295,0,2015-03-27,2015-03-28,2015-06-20,2015-07-31,origin0,V3_sales_lagged,,5,,,,,,,,,,,,,,
SeasonalNaive(store x dow x promo median),rossmann,V3_sales_lagged,,17,0,683787,77219,37472,2013-01-08,2015-02-13,2015-02-14,2015-05-08,2015-05-09,2015-06-19,{},0,none,42,0.0276705241830684,0.166344594691467,0.1147161716030965,0.8404887177557945,0.0189211951109235,1.311076104400916,0.0190459950373045,0.0259641973643385,0.1611340974602784,0.1225187650039657,0.8393326588699915,0.018283161697301,1.4018791680926417,0.0183635824888404,0.0,1382748.4794686495,1175.9032611012906,841.2918313747255,0.8509732036240688,0.1615149499221222,12.187737524880651,0.158279170811722,1,2015-02-13,2015-02-14,2015-05-09,2015-06-19,origin1,V3_sales_lagged,,5,,,,,,,,,,,,,,
S1 [structural],rossmann,V3_sales_lagged,,17,0,683787,77219,37472,2013-01-08,2015-02-13,2015-02-14,2015-05-08,2015-05-09,2015-06-19,{},0,none,42,0.026508042357304,0.1628129059912144,0.1130892319539317,0.8471900352077686,0.0185194761906757,1.2926088026062734,0.0186890278363392,0.0242604455938443,0.1557576501936402,0.1179527793187563,0.849875533085191,0.0176731203945457,1.3490536427372442,0.0177738723999317,4.292,1294733.1857702923,1137.8634301928737,813.2933352568424,0.8604591205834519,0.1562900291421043,11.736739481008437,0.1538615247586206,1,2015-02-13,2015-02-14,2015-05-09,2015-06-19,origin1,V3_sales_lagged,,5,structural,0.0,0.1628129059912144,0.0,,0.1557576501936402,,,,,,,,
AR-LRX [struct_linear],rossmann,V3_sales_lagged,,17,0,683787,77219,37472,2013-01-08,2015-02-13,2015-02-14,2015-05-08,2015-05-09,2015-06-19,"{""colsample_bytree"": 0.8, ""learning_rate"": 0.1, ""max_bin"": 256, ""max_depth"": 9, ""n_estimators"": 900, ""subsample"": 0.8}",88,none,42,0.0167853377464018,0.1295582407506442,0.0917654039168498,0.9032381631400768,0.0147368584835459,1.048532222559495,0.0150370655647083,0.0150570513088497,0.1227071770877718,0.0931151522647935,0.9068264516285908,0.0139230317820728,1.0638313312057277,0.0140404402872691,372.852,829443.1499016951,910.7376954434768,652.8652056732951,0.910606117279326,0.1250934138357419,9.283625451316512,0.1216189356932622,1,2015-02-13,2015-02-14,2015-05-09,2015-06-19,origin1,V3_sales_lagged,0.2500276802132971,5,struct_linear,1.0,0.1614719004436947,19.7642,0.3318174124149441,0.1558914311654092,5.0,,,,,,,
AR-LRX-Aug [structural],rossmann,V3_sales_lagged,,17,0,683787,77219,37472,2013-01-08,2015-02-13,2015-02-14,2015-05-08,2015-05-09,2015-06-19,"{""colsample_bytree"": 0.8, ""learning_rate"": 0.1, ""max_bin"": 256, ""max_depth"": 9, ""n_estimators"": 900, ""subsample"": 0.8}",88,none,42,0.0148988113582505,0.1220606871939142,0.0862994227807602,0.9141133544147574,0.0138840344169472,0.9861844917664264,0.0142195781712567,0.0140504614055346,0.1185346422170946,0.0900174359566899,0.9130552643704044,0.0134495930069742,1.0287640390260433,0.0135657110382134,358.195,761420.2827071523,872.5939964881447,628.67290120891,0.9179373348715548,0.119854226369891,8.976623710730488,0.1169646841691588,1,2015-02-13,2015-02-14,2015-05-09,2015-06-19,origin1,V3_sales_lagged,0.2898173307328123,5,structural,1.0,0.1628129059912144,25.0301,0.4141547370516921,0.1557576501936402,5.0,True,global,1.0,"{""0"": 1.0}",1.0,1.0,0.1220606871939142
AR-LRX-Aug [struct_linear],rossmann,V3_sales_lagged,,17,0,683787,77219,37472,2013-01-08,2015-02-13,2015-02-14,2015-05-08,2015-05-09,2015-06-19,"{""colsample_bytree"": 0.8, ""learning_rate"": 0.1, ""max_bin"": 256, ""max_depth"": 9, ""n_estimators"": 900, ""subsample"": 0.8}",88,none,42,0.014937293012894,0.1222182188255663,0.0863052441658808,0.91389152059497,0.0139019531641368,0.986259414010258,0.0142401725459613,0.0140668629687648,0.1186038067212213,0.0901287341005283,0.9129537709362884,0.0134574407923442,1.0300411577488071,0.0135815065691173,375.357,764115.1729792177,874.1368159385679,629.6781514118516,0.917646890969577,0.1200661387052991,8.987633205261137,0.1178354886674086,1,2015-02-13,2015-02-14,2015-05-09,2015-06-19,origin1,V3_sales_lagged,0.2993476852532479,5,struct_linear,1.0,0.1614719004436947,24.3099,0.4053834812462324,0.1558914311654092,5.0,True,global,1.0,"{""0"": 1.0}",1.0,1.0,0.1222182188255663
"LR-XGB (residual, tanpa gerbang)",rossmann,V3_sales_lagged,,17,0,683787,77219,37472,2013-01-08,2015-02-13,2015-02-14,2015-05-08,2015-05-09,2015-06-19,"{""colsample_bytree"": 0.8, ""learning_rate"": 0.1, ""max_bin"": 256, ""max_depth"": 9, ""n_estimators"": 900, ""subsample"": 0.8}",8,none,42,0.0186609072824644,0.1366049313987767,0.096682474676116,0.8924261344392046,0.0155383982563707,1.1045446718848464,0.0158356881444711,0.0171282333888677,0.130874876843754,0.0989747602963014,0.8940099060938664,0.0148497839573562,1.1299790479243843,0.0149724899685419,393.768,1016584.7651989732,1008.2582829805928,700.4002023811355,0.8904367836582994,0.1384882510927468,9.863060792780026,0.131247844621303,1,2015-02-13,2015-02-14,2015-05-09,2015-06-19,origin1,V3_sales_lagged,,5,,,,,,,5.0,,,,,,,
XGBoost,rossmann,V3_sales_lagged,,17,0,683787,77219,37472,2013-01-08,2015-02-13,2015-02-14,2015-05-08,2015-05-09,2015-06-19,"{""colsample_bytree"": 0.8, ""learning_rate"": 0.1, ""max_bin"": 256, ""max_depth"": 9, ""n_estimators"": 900, ""subsample"": 0.8}",8,none,42,0.0182839419205747,0.1352181271892742,0.0957246256210725,0.8945992131940146,0.0153806534671437,1.0941748949257268,0.0157020946120496,0.0169547691696825,0.1302104802605479,0.0983871263059659,0.8950833086137521,0.0147743978637028,1.1238612467544098,0.0149208710912975,340.356,932980.3379617608,965.9090733406332,690.0478119731655,0.8994473160428977,0.1326714201505199,9.804924404473375,0.1306864634370214,1,2015-02-13,2015-02-14,2015-05-09,2015-06-19,origin1,V3_sales_lagged,,5,,,,,,,,,,,,,,
XGBoost (grid Zhao),rossmann,V3_sales_lagged,,17,0,683787,77219,37472,2013-01-08,2015-02-13,2015-02-14,2015-05-08,2015-05-09,2015-06-19,"{""colsample_bytree"": 0.7, ""learning_rate"": 0.1, ""max_bin"": 256, ""max_depth"": 10, ""n_estimators"": 1000, ""subsample"": 0.9}",8,none,42,0.017987736338068,0.1341183668930846,0.0947619211634254,0.8963067389337129,0.0152555590558823,1.0832221991310442,0.0155862241459074,0.0166934709727168,0.1292032157986667,0.0974886963754893,0.8967002307916048,0.0146601080931404,1.1137367202408552,0.0148067695541702,473.367,916034.7912760472,957.0970647097646,683.042535596856,0.901273635560082,0.1314610560161479,9.71559307287003,0.1295716920940979,1,2015-02-13,2015-02-14,2015-05-09,2015-06-19,origin1,V3_sales_lagged,,5,,,,,,,,,,,,,,
SeasonalNaive(store x dow x promo median),rossmann,V3_sales_lagged,,17,0,643864,80098,37044,2013-01-08,2015-01-02,2015-01-03,2015-03-27,2015-03-28,2015-05-08,{},0,none,42,0.0190339519682632,0.1379635892845039,0.0967744099734241,0.8817577919872694,0.0157763578379395,1.1133739942493048,0.0163340702639558,0.0368704587760377,0.1920168189926021,0.1381009520157792,0.7962491929841286,0.0216865791781363,1.5673829213169412,0.0214994112645081,0.0,2464972.8839778374,1570.0232112863291,1029.4535392904947,0.7794237408264441,0.2051702904550081,13.698320767073524,0.1743579476205464,2,2015-01-02,2015-01-03,2015-03-28,2015-05-08,origin2,V3_sales_lagged,,5,,,,,,,,,,,,,,
S1 [structural],rossmann,V3_sales_lagged,,17,0,643864,80098,37044,2013-01-08,2015-01-02,2015-01-03,2015-03-27,2015-03-28,2015-05-08,{},0,none,42,0.0192886363561746,0.138883535223491,0.0981004783350084,0.8801756484354087,0.0158815551323871,1.1281461649668014,0.016463098464307,0.0347758177505128,0.1864827545659728,0.135008270064386,0.8078244435648622,0.0210615561879907,1.532511939919881,0.0209172605144312,3.718,2320337.8391018086,1523.2655182540595,1005.865195070676,0.7923662998913009,0.1990600053385371,13.399244747166891,0.170909182281903,2,2015-01-02,2015-01-03,2015-03-28,2015-05-08,origin2,V3_sales_lagged,,5,structural,0.0,0.138883535223491,0.0,,0.1864827545659728,,,,,,,,
AR-LRX [struct_linear],rossmann,V3_sales_lagged,,17,0,643864,80098,37044,2013-01-08,2015-01-02,2015-01-03,2015-03-27,2015-03-28,2015-05-08,"{""colsample_bytree"": 0.8, ""learning_rate"": 0.1, ""max_bin"": 256, ""max_depth"": 9, ""n_estimators"": 900, ""subsample"": 0.8}",88,none,42,0.0171701530140815,0.1310349305112248,0.0926298727591475,0.8933360340676176,0.0149840545881391,1.0632596135860335,0.0155472902881776,0.0212272967648478,0.1456959051066563,0.108624141518106,0.8826952799021306,0.0164550470037079,1.2311055645308822,0.0163815558684286,340.636,1455146.677496585,1206.2946064277105,821.0310401618035,0.8697872853866608,0.1576383157878973,10.815472265272874,0.1360445851323937,2,2015-01-02,2015-01-03,2015-03-28,2015-05-08,origin2,V3_sales_lagged,0.3655793026176593,5,struct_linear,0.6,0.1408673672658032,6.9799,0.0685170372779417,0.1824075289728118,5.0,,,,,,,
AR-LRX-Aug [structural],rossmann,V3_sales_lagged,,17,0,643864,80098,37044,2013-01-08,2015-01-02,2015-01-03,2015-03-27,2015-03-28,2015-05-08,"{""colsample_bytree"": 0.8, ""learning_rate"": 0.2, ""max_bin"": 256, ""max_depth"": 6, ""n_estimators"": 900, ""subsample"": 0.8}",88,none,42,0.0151582939219534,0.1231190233958725,0.0856627248328705,0.90583405138217,0.0140788579060917,0.9852847090026138,0.0146959786480501,0.0170242045911967,0.1304768354582406,0.098555010432795,0.9059220975434684,0.014736189454252,1.1146187450642204,0.014655673689517,329.424,1262918.467643589,1123.796452941363,759.8524583152437,0.8869886833057239,0.1468574751027918,9.822330398551443,0.1240283359242512,2,2015-01-02,2015-01-03,2015-03-28,2015-05-08,origin2,V3_sales_lagged,0.4699987685256124,5,structural,0.8000000000000002,0.138883535223491,11.3509,0.1880173467749646,0.1864827545659728,5.0,True,global,1.0,"{""0"": 0.8}",0.8,0.8,0.1231190233958725
AR-LRX-Aug [struct_linear],rossmann,V3_sales_lagged,,17,0,643864,80098,37044,2013-01-08,2015-01-02,2015-01-03,2015-03-27,2015-03-28,2015-05-08,"{""colsample_bytree"": 0.8, ""learning_rate"": 0.1, ""max_bin"": 256, ""max_depth"": 9, ""n_estimators"": 900, ""subsample"": 0.8}",88,none,42,0.0152636917482543,0.1235463141832016,0.0858823092813964,0.9051793018208416,0.0141277192933368,0.9873081598262188,0.0147275932022598,0.0166904477232459,0.1291915156782592,0.0975451759004813,0.9077664801047256,0.0145910241019457,1.104035528622605,0.0145414647928861,351.522,1205813.4080194358,1098.0953547026031,747.4600171992613,0.8920986869547101,0.1434988611964797,9.722281535709064,0.1233360215336265,2,2015-01-02,2015-01-03,2015-03-28,2015-05-08,origin2,V3_sales_lagged,0.4554750509799454,5,struct_linear,0.8000000000000002,0.1408673672658032,12.296,0.2054676502121992,0.1824075289728118,5.0,True,global,1.0,"{""0"": 0.8}",0.8,0.8,0.1235463141832016
"LR-XGB (residual, tanpa gerbang)",rossmann,V3_sales_lagged,,17,0,643864,80098,37044,2013-01-08,2015-01-02,2015-01-03,2015-03-27,2015-03-28,2015-05-08,"{""colsample_bytree"": 0.8, ""learning_rate"": 0.1, ""max_bin"": 256, ""max_depth"": 9, ""n_estimators"": 900, ""subsample"": 0.8}",8,none,42,0.019233955566494,0.1386865370773025,0.0961520022511074,0.880515334976517,0.0158590280782289,1.105161938140462,0.0164390545241463,0.0192206819325518,0.1386386740146913,0.104714884069788,0.8937840866331179,0.0156579959867332,1.184929587307885,0.015650292562411,366.65,1497689.827803319,1223.801384131967,808.6850482904938,0.8659803433269274,0.159926097675893,10.430684996767017,0.1365895914786736,2,2015-01-02,2015-01-03,2015-03-28,2015-05-08,origin2,V3_sales_lagged,,5,,,,,,,5.0,,,,,,,
XGBoost,rossmann,V3_sales_lagged,,17,0,643864,80098,37044,2013-01-08,2015-01-02,2015-01-03,2015-03-27,2015-03-28,2015-05-08,"{""colsample_bytree"": 0.8, ""learning_rate"": 0.1, ""max_bin"": 256, ""max_depth"": 9, ""n_estimators"": 900, ""subsample"": 0.8}",8,none,42,0.0191258896545504,0.138296383374803,0.096057283233446,0.8811866591482087,0.0158144133762314,1.1044748097707409,0.0164039282106626,0.0186462539515517,0.1365512868908667,0.1031559880979331,0.896958448129735,0.0154222443146987,1.1681823559907063,0.0154566709631226,319.116,1306419.022714635,1142.9868865016058,787.7474720027328,0.8830960685950662,0.1493652767704414,10.276479094007108,0.1349243214208948,2,2015-01-02,2015-01-03,2015-03-28,2015-05-08,origin2,V3_sales_lagged,,5,,,,,,,,,,,,,,
XGBoost (grid Zhao),rossmann,V3_sales_lagged,,17,0,643864,80098,37044,2013-01-08,2015-01-02,2015-01-03,2015-03-27,2015-03-28,2015-05-08,"{""colsample_bytree"": 0.7, ""learning_rate"": 0.1, ""max_bin"": 256, ""max_depth"": 10, ""n_estimators"": 1000, ""subsample"": 0.9}",8,none,42,0.018809392716104,0.1371473394423095,0.0952530877243928,0.8831527929754649,0.015683018358571,1.0950514459160423,0.01627106740129,0.018526842790716,0.1361133453806645,0.1026718500506663,0.8976183292702102,0.0153727827452059,1.1626352901137151,0.0154091493132397,425.249,1300574.6543977538,1140.4273998803053,784.4552570736912,0.8836190475328668,0.1490308036176033,10.228281554214728,0.1344493757016029,2,2015-01-02,2015-01-03,2015-03-28,2015-05-08,origin2,V3_sales_lagged,,5,,,,,,,,,,,,,,
SeasonalNaive(store x dow x promo median),rossmann,V3_sales_lagged,,17,0,612661,71126,40175,2013-01-08,2014-11-21,2014-11-22,2015-02-13,2015-02-14,2015-03-27,{},0,none,42,0.0563666000220944,0.2374165116879919,0.1687378657400335,0.7009643418391176,0.0268557258574433,1.9186108324744755,0.0268712276497914,0.0184267553683062,0.1357451854332456,0.0912901991055669,0.8845377275901202,0.0155428737080326,1.0533126286805357,0.0161635509378776,0.0,782611.5608883069,884.6533563426451,584.5979999737656,0.9001628536000255,0.1316798829481773,9.064691696286951,0.1873228242490972,3,2014-11-21,2014-11-22,2015-02-14,2015-03-27,origin3,V3_sales_lagged,,5,,,,,,,,,,,,,,
S1 [structural],rossmann,V3_sales_lagged,,17,0,612661,71126,40175,2013-01-08,2014-11-21,2014-11-22,2015-02-13,2015-02-14,2015-03-27,{},0,none,42,0.0542360285034794,0.2328862995186266,0.1655662711243683,0.7122674336714814,0.0263432840932562,1.882183111290946,0.0264073634590424,0.0183798123542593,0.1355721665913004,0.0916802179754535,0.8848318730849342,0.0155230629869313,1.0575472428154395,0.0161621777851994,3.085,779724.8283092362,883.0202875977631,588.7200075963196,0.9005311118235395,0.1314368020853392,9.10487626655882,0.1870397802834259,3,2014-11-21,2014-11-22,2015-02-14,2015-03-27,origin3,V3_sales_lagged,,5,structural,0.0,0.2328862995186266,0.0,,0.1355721665913004,,,,,,,,
AR-LRX [struct_linear],rossmann,V3_sales_lagged,,17,0,612661,71126,40175,2013-01-08,2014-11-21,2014-11-22,2015-02-13,2015-02-14,2015-03-27,"{""colsample_bytree"": 0.8, ""learning_rate"": 0.2, ""max_bin"": 256, ""max_depth"": 9, ""n_estimators"": 900, ""subsample"": 0.8}",88,none,42,0.0425501626739847,0.2062769077574723,0.1421365767789511,0.7742632002803057,0.0233333227165597,1.6178394791107504,0.0236842590332444,0.0149473040547863,0.1222591675694969,0.0809754088161424,0.906340011680218,0.0139987196976232,0.933878673877683,0.0146388630082114,315.117,646411.3669709911,803.9971187578915,523.8355410963809,0.9175378061044246,0.1196742721085717,8.044124328608,0.1745835823209812,3,2014-11-21,2014-11-22,2015-02-14,2015-03-27,origin3,V3_sales_lagged,0.1808701264687486,5,struct_linear,0.7,0.226658421836504,8.9922,0.0442683831786131,0.1378241851431519,5.0,,,,,,,
AR-LRX-Aug [structural],rossmann,V3_sales_lagged,,17,0,612661,71126,40175,2013-01-08,2014-11-21,2014-11-22,2015-02-13,2015-02-14,2015-03-27,"{""colsample_bytree"": 0.8, ""learning_rate"": 0.1, ""max_bin"": 256, ""max_depth"": 6, ""n_estimators"": 900, ""subsample"": 0.8}",88,none,42,0.0372449035885725,0.1929893872433728,0.1286233156641753,0.8024086204706027,0.0218302848456269,1.464197481757315,0.0222682718580225,0.014670197500945,0.1211205907389203,0.0796653696932087,0.9080763647042136,0.0138683522313439,0.9192728798545738,0.0145184528618562,298.497,609876.8964109855,780.9461546169399,510.9905022778991,0.922198480017553,0.1162431561373714,7.913665710476585,0.1729391357843411,3,2014-11-21,2014-11-22,2015-02-14,2015-03-27,origin3,V3_sales_lagged,0.194201750474331,5,structural,0.9000000000000001,0.2328862995186266,17.1315,0.2260105113582828,0.1355721665913004,5.0,True,global,1.0,"{""0"": 0.9}",0.9,0.9,0.1936009497902526
AR-LRX-Aug [struct_linear],rossmann,V3_sales_lagged,,17,0,612661,71126,40175,2013-01-08,2014-11-21,2014-11-22,2015-02-13,2015-02-14,2015-03-27,"{""colsample_bytree"": 0.8, ""learning_rate"": 0.2, ""max_bin"": 256, ""max_depth"": 6, ""n_estimators"": 900, ""subsample"": 0.8}",88,none,42,0.0370881415222664,0.192582817307948,0.1280336650173271,0.8032402733936833,0.0217842950757916,1.4575562072288843,0.0222166776114658,0.0144869439609259,0.1203617213275297,0.0791056011843282,0.9092246336064076,0.0137814614043544,0.9129834285344248,0.0144316716709554,311.426,607302.4501535296,779.2961248161893,507.2063931667687,0.922526900118596,0.1159975506361137,7.858271931292454,0.1722361510018756,3,2014-11-21,2014-11-22,2015-02-14,2015-03-27,origin3,V3_sales_lagged,0.2280633839521465,5,struct_linear,0.9000000000000001,0.226658421836504,15.0339,0.1890077745048143,0.1378241851431519,5.0,True,global,1.0,"{""0"": 0.9}",0.9,0.9,0.1930931436595985
"LR-XGB (residual, tanpa gerbang)",rossmann,V3_sales_lagged,,17,0,612661,71126,40175,2013-01-08,2014-11-21,2014-11-22,2015-02-13,2015-02-14,2015-03-27,"{""colsample_bytree"": 0.8, ""learning_rate"": 0.2, ""max_bin"": 256, ""max_depth"": 6, ""n_estimators"": 900, ""subsample"": 0.8}",8,none,42,0.0443655447111298,0.2106313004069666,0.1413475642022602,0.7646322492902101,0.023825876391277,1.6068065897934485,0.0243965321469867,0.0202359457072721,0.1422531043853599,0.0953628364086315,0.8732013190046839,0.0162880328240041,1.1002909903930391,0.016864424977694,329.962,890438.0072885591,943.6302280493982,614.7159453635492,0.8864075179353796,0.1404585390255154,9.466096441378925,0.1822839745294238,3,2014-11-21,2014-11-22,2015-02-14,2015-03-27,origin3,V3_sales_lagged,,5,,,,,,,5.0,,,,,,,
XGBoost,rossmann,V3_sales_lagged,,17,0,612661,71126,40175,2013-01-08,2014-11-21,2014-11-22,2015-02-13,2015-02-14,2015-03-27,"{""colsample_bytree"": 0.8, ""learning_rate"": 0.1, ""max_bin"": 256, ""max_depth"": 9, ""n_estimators"": 900, ""subsample"": 0.8}",8,none,42,0.0427005343080225,0.2066410760425489,0.1354258249586326,0.77346544982994,0.0233745161599325,1.5408770022214089,0.0239251076528584,0.0172187494659054,0.1312202326849995,0.0869029683639597,0.8921071072116487,0.0150247649524525,1.003015282554926,0.0156190193687298,298.355,731870.2526381947,855.494156986589,557.1583668107087,0.90663588271621,0.1273395614758866,8.629793349050606,0.1739553338451831,3,2014-11-21,2014-11-22,2015-02-14,2015-03-27,origin3,V3_sales_lagged,,5,,,,,,,,,,,,,,
XGBoost (grid Zhao),rossmann,V3_sales_lagged,,17,0,612661,71126,40175,2013-01-08,2014-11-21,2014-11-22,2015-02-13,2015-02-14,2015-03-27,"{""colsample_bytree"": 0.7, ""learning_rate"": 0.05, ""max_bin"": 256, ""max_depth"": 10, ""n_estimators"": 1000, ""subsample"": 0.9}",8,none,42,0.0423730843697064,0.205847235516308,0.1355513409034117,0.7752026347547132,0.0232847196946586,1.5420805340353916,0.0238700763183231,0.0177141218792713,0.1330944096469544,0.0884384918182451,0.8890030976672026,0.015239358904593,1.0208215620673378,0.0158370187874856,416.136,753059.8958265224,867.790237227017,566.7594641880897,0.903932736462205,0.1291698223291035,8.782277274303702,0.1747127833718575,3,2014-11-21,2014-11-22,2015-02-14,2015-03-27,origin3,V3_sales_lagged,,5,,,,,,,,,,,,,,
LightGBM (Zeng),rossmann,V3_sales_lagged,,17,0,723962,74516,40282,2013-01-08,2015-03-27,2015-03-28,2015-06-19,2015-06-20,2015-07-31,"{""colsample_bytree"": 0.8, ""learning_rate"": 0.1, ""n_estimators"": 900, ""num_leaves"": 127, ""subsample"": 0.8}",4,none,42,0.0180370815878922,0.1343022024685085,0.1017239703253406,0.8949154617168482,0.0152035694896144,1.1566095203853817,0.0152985484512918,0.0162509202739249,0.1274790974000244,0.094735937282831,0.906131199383242,0.0145448076539703,1.0858851735696395,0.0147331469253498,153.545,944957.2531616244,972.0891179113282,651.5871282916814,0.8987296883814307,0.1392949613814137,9.438851161743171,0.1348092862258485,0,2015-03-27,2015-03-28,2015-06-20,2015-07-31,origin0,V3_sales_lagged,,5,,,,,,,,,,,,,,
LightGBM (Zeng),rossmann,V3_sales_lagged,,17,0,683787,77219,37472,2013-01-08,2015-02-13,2015-02-14,2015-05-08,2015-05-09,2015-06-19,"{""colsample_bytree"": 0.8, ""learning_rate"": 0.1, ""n_estimators"": 900, ""num_leaves"": 127, ""subsample"": 0.8}",4,none,42,0.0182386562090028,0.1350505690806332,0.0957996424601006,0.8948602701177063,0.0153615942384871,1.094617840859035,0.0156934936721086,0.0170223350535709,0.1304696710104343,0.0986952123571269,0.8946652086138512,0.0148038070729596,1.1269374767958706,0.0149524184200338,128.441,946701.0573426292,972.9856408717598,694.727693009912,0.897968554804925,0.1336434146063733,9.83519136531635,0.1315247656839157,1,2015-02-13,2015-02-14,2015-05-09,2015-06-19,origin1,V3_sales_lagged,,5,,,,,,,,,,,,,,
LightGBM (Zeng),rossmann,V3_sales_lagged,,17,0,643864,80098,37044,2013-01-08,2015-01-02,2015-01-03,2015-03-27,2015-03-28,2015-05-08,"{""colsample_bytree"": 0.8, ""learning_rate"": 0.1, ""n_estimators"": 900, ""num_leaves"": 127, ""subsample"": 0.8}",4,none,42,0.0186541406724114,0.13658016207492,0.0948725876897921,0.8841172455744479,0.0156181607164067,1.09054986693552,0.0162101172109778,0.0188427750270625,0.1372689878561888,0.1040920349872819,0.8958724478720719,0.0155033022079204,1.1785611654492558,0.0155615542620314,119.67,1322501.0061598043,1150.0004374607013,795.6301807692043,0.8816569843067628,0.1502818060784506,10.369424735484849,0.1373135921363588,2,2015-01-02,2015-01-03,2015-03-28,2015-05-08,origin2,V3_sales_lagged,,5,,,,,,,,,,,,,,
LightGBM (Zeng),rossmann,V3_sales_lagged,n/a,17,0,612661,71126,40175,2013-01-08,2014-11-21,2014-11-22,2015-02-13,2015-02-14,2015-03-27,"{""colsample_bytree"": 0.8, ""learning_rate"": 0.1, ""n_estimators"": 900, ""num_leaves"": 127, ""subsample"": 0.8}",4,none,42,0.04274626163094315,0.20675169075715719,0.13514620252938617,0.77322285758382,0.023387028509769585,1.5370007736976268,0.023949635848428314,0.01713297367093195,0.13089298556810428,0.08693352224766486,0.8926445793822747,0.014987295037088816,1.0029594427922444,0.015583675057409672,123.257,729148.744937091,853.9020698751649,558.973933616123,0.9069830633309142,0.12710258069355806,8.633589899809065,0.1735184502581337,3,2014-11-21,2014-11-22,2015-02-14,2015-03-27,origin3,V3_sales_lagged,,5,,,,,,,,,,,,,,
