granularity,category,feature_set,reference,DM,p,identical_predictions,win,sig_win,sig_loss
daily,M01AB,A_lag1,Naive,-6.549788088578164,2.3349611133482995e-10,False,True,True,False
daily,M01AB,A_lag1,S1 [linear],2.1761928736089176,0.030281212722550466,False,False,False,True
daily,M01AB,A_lag1,XGBoost,-3.6970174295692906,0.0002571135259357149,False,True,True,False
daily,M01AB,A_lag1,"LR-XGB (residual, tanpa gerbang)",-3.9818176517468142,8.491494758677831e-05,False,True,True,False
daily,M01AB,B_rich,Naive,-6.549788088578164,2.3349611133482995e-10,False,True,True,False
daily,M01AB,B_rich,S1 [linear],2.1761928736089176,0.030281212722550466,False,False,False,True
daily,M01AB,B_rich,XGBoost,-3.6970174295692906,0.0002571135259357149,False,True,True,False
daily,M01AB,B_rich,"LR-XGB (residual, tanpa gerbang)",-3.9818176517468142,8.491494758677831e-05,False,True,True,False
daily,M01AE,A_lag1,Naive,-3.698288686728234,0.00025627586133114555,False,True,True,False
daily,M01AE,A_lag1,S1 [linear],,,True,False,False,False
daily,M01AE,A_lag1,XGBoost,0.8396371509122511,0.40175271577941984,False,False,False,False
daily,M01AE,A_lag1,"LR-XGB (residual, tanpa gerbang)",1.0174971211189532,0.30970284029339235,False,False,False,False
daily,M01AE,B_rich,Naive,-4.7252944488217254,3.476614984787574e-06,False,True,True,False
daily,M01AE,B_rich,S1 [linear],-1.8154337556282834,0.07041412420936832,False,True,False,False
daily,M01AE,B_rich,XGBoost,-1.6950286758595943,0.0910645191464785,False,True,False,False
daily,M01AE,B_rich,"LR-XGB (residual, tanpa gerbang)",0.8220171806436801,0.4116928505644313,False,False,False,False
daily,N02BA,A_lag1,Naive,-5.537685923160503,6.454766077190754e-08,False,True,True,False
daily,N02BA,A_lag1,S1 [linear],-0.7879789047608922,0.43129972423202756,False,True,False,False
daily,N02BA,A_lag1,XGBoost,-1.1131755002503496,0.26647911503420896,False,True,False,False
daily,N02BA,A_lag1,"LR-XGB (residual, tanpa gerbang)",-0.4357097017855779,0.6633448433148468,False,True,False,False
daily,N02BA,B_rich,Naive,-5.537685923160503,6.454766077190754e-08,False,True,True,False
daily,N02BA,B_rich,S1 [linear],-0.7879789047608922,0.43129972423202756,False,True,False,False
daily,N02BA,B_rich,XGBoost,-1.1131755002503496,0.26647911503420896,False,True,False,False
daily,N02BA,B_rich,"LR-XGB (residual, tanpa gerbang)",-0.4357097017855779,0.6633448433148468,False,True,False,False
daily,N02BE,A_lag1,Naive,-3.2690740622508496,0.0011979274223663516,False,True,True,False
daily,N02BE,A_lag1,S1 [linear],,,True,False,False,False
daily,N02BE,A_lag1,XGBoost,0.3859128578302328,0.699820889414005,False,False,False,False
daily,N02BE,A_lag1,"LR-XGB (residual, tanpa gerbang)",0.6553945485204581,0.512690597444244,False,False,False,False
daily,N02BE,B_rich,Naive,-3.2690740622508496,0.0011979274223663516,False,True,True,False
daily,N02BE,B_rich,S1 [linear],,,True,False,False,False
daily,N02BE,B_rich,XGBoost,0.3859128578302328,0.699820889414005,False,False,False,False
daily,N02BE,B_rich,"LR-XGB (residual, tanpa gerbang)",0.6553945485204581,0.512690597444244,False,False,False,False
daily,N05B,A_lag1,Naive,-7.242368221537475,3.3850700020821023e-12,False,True,True,False
daily,N05B,A_lag1,S1 [linear],0.3301947800120462,0.741471588565398,False,False,False,False
daily,N05B,A_lag1,XGBoost,-0.6721801196647283,0.5019602001902674,False,True,False,False
daily,N05B,A_lag1,"LR-XGB (residual, tanpa gerbang)",-1.537896355155974,0.1250746418384161,False,True,False,False
daily,N05B,B_rich,Naive,-7.242368221537475,3.3850700020821023e-12,False,True,True,False
daily,N05B,B_rich,S1 [linear],0.3301947800120462,0.741471588565398,False,False,False,False
daily,N05B,B_rich,XGBoost,-0.6721801196647283,0.5019602001902674,False,True,False,False
daily,N05B,B_rich,"LR-XGB (residual, tanpa gerbang)",-1.537896355155974,0.1250746418384161,False,True,False,False
daily,N05C,A_lag1,Naive,-6.6360575030152384,1.4068057829774716e-10,False,True,True,False
daily,N05C,A_lag1,S1 [linear],,,True,False,False,False
daily,N05C,A_lag1,XGBoost,0.2814871705077936,0.7785215893739279,False,False,False,False
daily,N05C,A_lag1,"LR-XGB (residual, tanpa gerbang)",0.042329531710657314,0.9662628215834002,False,False,False,False
daily,N05C,B_rich,Naive,-6.606160111985426,1.6801293689638896e-10,False,True,True,False
daily,N05C,B_rich,S1 [linear],0.5596151115222924,0.5761396895737172,False,False,False,False
daily,N05C,B_rich,XGBoost,-1.2499717966449924,0.2122376945243527,False,True,False,False
daily,N05C,B_rich,"LR-XGB (residual, tanpa gerbang)",-1.6106298252091362,0.10826199237334189,False,True,False,False
daily,R03,A_lag1,Naive,-4.856004726572436,1.887118307619673e-06,False,True,True,False
daily,R03,A_lag1,S1 [linear],1.328871938184064,0.18484895494292797,False,False,False,False
daily,R03,A_lag1,XGBoost,-1.8267893508485875,0.06867466268822287,False,True,False,False
daily,R03,A_lag1,"LR-XGB (residual, tanpa gerbang)",-2.483261452525124,0.013536944219324054,False,True,True,False
daily,R03,B_rich,Naive,-4.856004726572436,1.887118307619673e-06,False,True,True,False
daily,R03,B_rich,S1 [linear],1.328871938184064,0.18484895494292797,False,False,False,False
daily,R03,B_rich,XGBoost,-1.8267893508485875,0.06867466268822287,False,True,False,False
daily,R03,B_rich,"LR-XGB (residual, tanpa gerbang)",-2.483261452525124,0.013536944219324054,False,True,True,False
daily,R06,A_lag1,Naive,-3.7657716544785496,0.00019797610141791822,False,True,True,False
daily,R06,A_lag1,S1 [linear],,,True,False,False,False
daily,R06,A_lag1,XGBoost,-0.10432312298256133,0.9169791101856557,False,True,False,False
daily,R06,A_lag1,"LR-XGB (residual, tanpa gerbang)",0.08849975985105152,0.9295355346938772,False,False,False,False
daily,R06,B_rich,Naive,-3.7657716544785496,0.00019797610141791822,False,True,True,False
daily,R06,B_rich,S1 [linear],,,True,False,False,False
daily,R06,B_rich,XGBoost,-0.10432312298256133,0.9169791101856557,False,True,False,False
daily,R06,B_rich,"LR-XGB (residual, tanpa gerbang)",0.08849975985105152,0.9295355346938772,False,False,False,False
weekly,M01AB,A_lag1,Naive,-2.3765744227663115,0.021890393924710372,False,True,True,False
weekly,M01AB,A_lag1,S1 [linear],,,True,False,False,False
weekly,M01AB,A_lag1,XGBoost,-0.5689769153533373,0.5722649113778564,False,True,False,False
weekly,M01AB,A_lag1,"LR-XGB (residual, tanpa gerbang)",-0.5662957141803867,0.5740700283471183,False,True,False,False
weekly,M01AB,B_rich,Naive,-2.3453031502673056,0.023585324175967814,False,True,True,False
weekly,M01AB,B_rich,S1 [linear],,,True,False,False,False
weekly,M01AB,B_rich,XGBoost,-1.1820804826398779,0.24352281887745764,False,True,False,False
weekly,M01AB,B_rich,"LR-XGB (residual, tanpa gerbang)",-2.004469763116635,0.051198069000287116,False,True,False,False
weekly,M01AE,A_lag1,Naive,-0.8533787324000333,0.39796911017281067,False,True,False,False
weekly,M01AE,A_lag1,S1 [linear],-0.739761729979749,0.46328655835947874,False,True,False,False
weekly,M01AE,A_lag1,XGBoost,-2.0312083834314465,0.048165650454309095,False,True,True,False
weekly,M01AE,A_lag1,"LR-XGB (residual, tanpa gerbang)",-0.33447142203035896,0.739577807701,False,True,False,False
weekly,M01AE,B_rich,Naive,-0.8533787324000333,0.39796911017281067,False,True,False,False
weekly,M01AE,B_rich,S1 [linear],-0.739761729979749,0.46328655835947874,False,True,False,False
weekly,M01AE,B_rich,XGBoost,-2.0312083834314465,0.048165650454309095,False,True,True,False
weekly,M01AE,B_rich,"LR-XGB (residual, tanpa gerbang)",-0.33447142203035896,0.739577807701,False,True,False,False
weekly,N02BA,A_lag1,Naive,1.2003952582373343,0.2362670623084444,False,False,False,False
weekly,N02BA,A_lag1,S1 [linear],-0.1730038715774525,0.8634242123968769,False,True,False,False
weekly,N02BA,A_lag1,XGBoost,-1.554427729136632,0.12708804540264573,False,True,False,False
weekly,N02BA,A_lag1,"LR-XGB (residual, tanpa gerbang)",-0.13280424071972835,0.8949402891297549,False,True,False,False
weekly,N02BA,B_rich,Naive,1.2003952582373343,0.2362670623084444,False,False,False,False
weekly,N02BA,B_rich,S1 [linear],-0.1730038715774525,0.8634242123968769,False,True,False,False
weekly,N02BA,B_rich,XGBoost,-1.554427729136632,0.12708804540264573,False,True,False,False
weekly,N02BA,B_rich,"LR-XGB (residual, tanpa gerbang)",-0.13280424071972835,0.8949402891297549,False,True,False,False
weekly,N02BE,A_lag1,Naive,-0.7096973775674145,0.4815532437580883,False,True,False,False
weekly,N02BE,A_lag1,S1 [linear],,,True,False,False,False
weekly,N02BE,A_lag1,XGBoost,1.244340787924324,0.21981651359939036,False,False,False,False
weekly,N02BE,A_lag1,"LR-XGB (residual, tanpa gerbang)",1.1231994580017237,0.26730954601172274,False,False,False,False
weekly,N02BE,B_rich,Naive,-0.7096973775674145,0.4815532437580883,False,True,False,False
weekly,N02BE,B_rich,S1 [linear],,,True,False,False,False
weekly,N02BE,B_rich,XGBoost,1.244340787924324,0.21981651359939036,False,False,False,False
weekly,N02BE,B_rich,"LR-XGB (residual, tanpa gerbang)",1.1231994580017237,0.26730954601172274,False,False,False,False
weekly,N05B,A_lag1,Naive,-3.4315670023968923,0.001297057903229426,False,True,True,False
weekly,N05B,A_lag1,S1 [linear],,,True,False,False,False
weekly,N05B,A_lag1,XGBoost,-0.9551756150120971,0.3445921921680908,False,True,False,False
weekly,N05B,A_lag1,"LR-XGB (residual, tanpa gerbang)",-0.9352870063323062,0.354632576742302,False,True,False,False
weekly,N05B,B_rich,Naive,-3.4315670023968923,0.001297057903229426,False,True,True,False
weekly,N05B,B_rich,S1 [linear],,,True,False,False,False
weekly,N05B,B_rich,XGBoost,-0.9551756150120971,0.3445921921680908,False,True,False,False
weekly,N05B,B_rich,"LR-XGB (residual, tanpa gerbang)",-0.9352870063323062,0.354632576742302,False,True,False,False
weekly,N05C,A_lag1,Naive,-3.4775445648622805,0.0011517874701723052,False,True,True,False
weekly,N05C,A_lag1,S1 [linear],,,True,False,False,False
weekly,N05C,A_lag1,XGBoost,-1.6360882380010004,0.10895544422496073,False,True,False,False
weekly,N05C,A_lag1,"LR-XGB (residual, tanpa gerbang)",-1.7451567923656983,0.08793866893361368,False,True,False,False
weekly,N05C,B_rich,Naive,-3.0151410651233594,0.004253859461118559,False,True,True,False
weekly,N05C,B_rich,S1 [linear],1.0083125281499814,0.3188175145154952,False,False,False,False
weekly,N05C,B_rich,XGBoost,1.4239312947702394,0.16151981924589354,False,False,False,False
weekly,N05C,B_rich,"LR-XGB (residual, tanpa gerbang)",-2.364388315864655,0.022537413524101213,False,True,True,False
weekly,R03,A_lag1,Naive,-0.8047085005164966,0.42521917226047456,False,True,False,False
weekly,R03,A_lag1,S1 [linear],,,True,False,False,False
weekly,R03,A_lag1,XGBoost,-0.017879682464833086,0.9858138789484927,False,True,False,False
weekly,R03,A_lag1,"LR-XGB (residual, tanpa gerbang)",0.9180806905722175,0.36347137693345966,False,False,False,False
weekly,R03,B_rich,Naive,-0.8047085005164966,0.42521917226047456,False,True,False,False
weekly,R03,B_rich,S1 [linear],,,True,False,False,False
weekly,R03,B_rich,XGBoost,-0.017879682464833086,0.9858138789484927,False,True,False,False
weekly,R03,B_rich,"LR-XGB (residual, tanpa gerbang)",0.9180806905722175,0.36347137693345966,False,False,False,False
weekly,R06,A_lag1,Naive,-0.7629888684260723,0.44945150545185486,False,True,False,False
weekly,R06,A_lag1,S1 [linear],,,True,False,False,False
weekly,R06,A_lag1,XGBoost,-1.4305404695260513,0.15946959371064517,False,True,False,False
weekly,R06,A_lag1,"LR-XGB (residual, tanpa gerbang)",-1.4437263203714883,0.15574227395466278,False,True,False,False
weekly,R06,B_rich,Naive,-0.7629888684260723,0.44945150545185486,False,True,False,False
weekly,R06,B_rich,S1 [linear],,,True,False,False,False
weekly,R06,B_rich,XGBoost,-1.4305404695260513,0.15946959371064517,False,True,False,False
weekly,R06,B_rich,"LR-XGB (residual, tanpa gerbang)",-1.4437263203714883,0.15574227395466278,False,True,False,False
