model,category,feature_set,lag_rule,n_features,n_lags,n_train,n_val,n_test,train_start,train_end,val_start,val_end,test_start,test_end,params,n_grid,scaler,seed,val_MSE,val_RMSE,val_MAE,val_R2,val_nRMSE,val_SMAPE,val_RMSPE,test_MSE,test_RMSE,test_MAE,test_R2,test_nRMSE,test_SMAPE,test_RMSPE,runtime_s,note
Naive,M01AB,A_lag1,pacf_train,1,1,1473,315,317,2014-01-03,2018-01-14,2018-01-15,2018-11-25,2018-11-26,2019-10-08,{},0,none,42,15.112755555555555,3.887512772397739,2.996063492063492,-1.0889083838028975,0.7876292158258805,64.5043814997324,1.5568921901843953,17.410850473186123,4.172631121149594,3.291482649842272,-1.0779070449005217,0.784236153182909,66.44657397551136,2.203789023711625,0.0,
SeasonalNaive(s=7),M01AB,A_lag1,pacf_train,1,1,1473,315,317,2014-01-03,2018-01-14,2018-01-15,2018-11-25,2018-11-26,2019-10-08,{},0,none,42,13.791767301587301,3.7137268749313406,2.996412698412698,-0.9063193497597275,0.7524193379021529,64.36533562242663,1.7661914785085975,16.361037223974765,4.0448778997609764,3.161135646687697,-0.9526165342660349,0.7602252372908443,64.38007169290704,2.59657683376552,0.0,
LR,M01AB,A_lag1,pacf_train,1,1,1473,315,317,2014-01-03,2018-01-14,2018-01-15,2018-11-25,2018-11-26,2019-10-08,{},1,none,42,7.3605331683239426,2.713030255696376,2.175527732894381,-0.017384247899057126,0.5496732790122904,47.36724549852949,1.3729886170064014,8.566003196532822,2.926773513022971,2.263650267843024,-0.022314126247201305,0.5500801615212979,46.915710730110106,1.864103666903613,0.493,
GRNN,M01AB,A_lag1,pacf_train,1,1,1473,315,317,2014-01-03,2018-01-14,2018-01-15,2018-11-25,2018-11-26,2019-10-08,"{""sigma"": 50.0}",16,standard,42,7.23845503735742,2.6904377036752627,2.1634353405263527,-0.0005104203354788783,0.5450959168083022,47.21831649144898,1.3793006073051146,8.491272662310084,2.9139788369701805,2.247760156587694,-0.013395371602231254,0.5476754324097302,46.70038454600068,1.8542021251004899,0.669,
P_NN,M01AB,A_lag1,pacf_train,1,1,1473,315,317,2014-01-03,2018-01-14,2018-01-15,2018-11-25,2018-11-26,2019-10-08,"{""sigma"": 0.2}",16,standard,42,8.158242732539682,2.856263771527357,2.2351031746031746,-0.12764489430496395,0.5786930940865845,49.45490378468496,1.0990663040289064,10.129577795741325,3.182699765252972,2.4569858044164037,-0.2089197535786449,0.59818089549945,51.69429330735342,1.7091536217131904,0.74,
RBFNN,M01AB,A_lag1,pacf_train,1,1,1473,315,317,2014-01-03,2018-01-14,2018-01-15,2018-11-25,2018-11-26,2019-10-08,"{""alpha"": 1.0, ""gamma"": 0.01, ""n_centers"": 5}",60,standard,42,7.312291259613233,2.704124860211383,2.171394627558524,-0.010716176865551263,0.5478690020688765,47.339612287864675,1.3772151902284884,8.543559623433953,2.9229368148206616,2.2620500266778456,-0.019635586291516516,0.5493590631659097,46.933973662943124,1.8717377983434564,11.683,
XGBoost,M01AB,A_lag1,pacf_train,1,1,1473,315,317,2014-01-03,2018-01-14,2018-01-15,2018-11-25,2018-11-26,2019-10-08,"{""colsample_bytree"": 0.8, ""learning_rate"": 0.05, ""max_depth"": 5, ""n_estimators"": 100, ""subsample"": 0.8}",12,none,42,7.306749701534913,2.70310001693147,2.173739280337379,-0.009950214160300064,0.5476613637777218,47.43292570255277,1.3357027062905813,9.196900043833027,3.0326391219254933,2.3991443322058355,-0.09760884005969239,0.5699773523990783,49.38125516295228,1.8524969406197325,7.027,
LR+XGB (average),M01AB,A_lag1,pacf_train,1,1,1473,315,317,2014-01-03,2018-01-14,2018-01-15,2018-11-25,2018-11-26,2019-10-08,"{""colsample_bytree"": 0.8, ""learning_rate"": 0.1, ""max_depth"": 5, ""n_estimators"": 100, ""subsample"": 0.8}",12,none,42,7.269958165056829,2.6962859946706,2.1697407077844693,-0.004864831238599265,0.546280809339919,47.30775040977676,1.3463439898239533,8.834943824702444,2.972363339953991,2.335545637884402,-0.0544109860068247,0.5586486616974667,48.22750312143218,1.8373777954668908,7.055,
LR-XGB (residual),M01AB,A_lag1,pacf_train,1,1,1473,315,317,2014-01-03,2018-01-14,2018-01-15,2018-11-25,2018-11-26,2019-10-08,"{""colsample_bytree"": 0.8, ""learning_rate"": 0.05, ""max_depth"": 5, ""n_estimators"": 100, ""subsample"": 0.8}",12,none,42,7.31303930458088,2.704263172211773,2.1750875081548307,-0.010819572794813492,0.5478970247607065,47.462365012374555,1.3332713405443455,9.204222106136516,3.0338460913725527,2.402974313997934,-0.09848269541024224,0.5702041994528171,49.47715900050416,1.8586779175253632,6.079,
Naive,M01AB,B_rich,pacf_train,1,1,1473,315,317,2014-01-03,2018-01-14,2018-01-15,2018-11-25,2018-11-26,2019-10-08,{},0,none,42,15.112755555555555,3.887512772397739,2.996063492063492,-1.0889083838028975,0.7876292158258805,64.5043814997324,1.5568921901843953,17.410850473186123,4.172631121149594,3.291482649842272,-1.0779070449005217,0.784236153182909,66.44657397551136,2.203789023711625,0.0,
SeasonalNaive(s=7),M01AB,B_rich,pacf_train,1,1,1473,315,317,2014-01-03,2018-01-14,2018-01-15,2018-11-25,2018-11-26,2019-10-08,{},0,none,42,13.791767301587301,3.7137268749313406,2.996412698412698,-0.9063193497597275,0.7524193379021529,64.36533562242663,1.7661914785085975,16.361037223974765,4.0448778997609764,3.161135646687697,-0.9526165342660349,0.7602252372908443,64.38007169290704,2.59657683376552,0.0,
LR,M01AB,B_rich,pacf_train,1,1,1473,315,317,2014-01-03,2018-01-14,2018-01-15,2018-11-25,2018-11-26,2019-10-08,{},1,none,42,7.3605331683239426,2.713030255696376,2.175527732894381,-0.017384247899057126,0.5496732790122904,47.36724549852949,1.3729886170064014,8.566003196532822,2.926773513022971,2.263650267843024,-0.022314126247201305,0.5500801615212979,46.915710730110106,1.864103666903613,0.022,
GRNN,M01AB,B_rich,pacf_train,1,1,1473,315,317,2014-01-03,2018-01-14,2018-01-15,2018-11-25,2018-11-26,2019-10-08,"{""sigma"": 50.0}",16,standard,42,7.23845503735742,2.6904377036752627,2.1634353405263527,-0.0005104203354788783,0.5450959168083022,47.21831649144898,1.3793006073051146,8.491272662310084,2.9139788369701805,2.247760156587694,-0.013395371602231254,0.5476754324097302,46.70038454600068,1.8542021251004899,0.871,
P_NN,M01AB,B_rich,pacf_train,1,1,1473,315,317,2014-01-03,2018-01-14,2018-01-15,2018-11-25,2018-11-26,2019-10-08,"{""sigma"": 0.2}",16,standard,42,8.158242732539682,2.856263771527357,2.2351031746031746,-0.12764489430496395,0.5786930940865845,49.45490378468496,1.0990663040289064,10.129577795741325,3.182699765252972,2.4569858044164037,-0.2089197535786449,0.59818089549945,51.69429330735342,1.7091536217131904,0.734,
RBFNN,M01AB,B_rich,pacf_train,1,1,1473,315,317,2014-01-03,2018-01-14,2018-01-15,2018-11-25,2018-11-26,2019-10-08,"{""alpha"": 1.0, ""gamma"": 0.01, ""n_centers"": 5}",60,standard,42,7.312291259613233,2.704124860211383,2.171394627558524,-0.010716176865551263,0.5478690020688765,47.339612287864675,1.3772151902284882,8.543559623433953,2.9229368148206616,2.2620500266778456,-0.019635586291516516,0.5493590631659097,46.933973662943124,1.8717377983434564,5.941,
XGBoost,M01AB,B_rich,pacf_train,1,1,1473,315,317,2014-01-03,2018-01-14,2018-01-15,2018-11-25,2018-11-26,2019-10-08,"{""colsample_bytree"": 0.8, ""learning_rate"": 0.05, ""max_depth"": 5, ""n_estimators"": 100, ""subsample"": 0.8}",12,none,42,7.306749701534913,2.70310001693147,2.173739280337379,-0.009950214160300064,0.5476613637777218,47.43292570255277,1.3357027062905813,9.196900043833027,3.0326391219254933,2.3991443322058355,-0.09760884005969239,0.5699773523990783,49.38125516295228,1.8524969406197325,6.028,
LR+XGB (average),M01AB,B_rich,pacf_train,1,1,1473,315,317,2014-01-03,2018-01-14,2018-01-15,2018-11-25,2018-11-26,2019-10-08,"{""colsample_bytree"": 0.8, ""learning_rate"": 0.1, ""max_depth"": 5, ""n_estimators"": 100, ""subsample"": 0.8}",12,none,42,7.269958165056829,2.6962859946706,2.1697407077844693,-0.004864831238599265,0.546280809339919,47.30775040977676,1.3463439898239533,8.834943824702444,2.972363339953991,2.335545637884402,-0.0544109860068247,0.5586486616974667,48.22750312143218,1.8373777954668908,5.261,
LR-XGB (residual),M01AB,B_rich,pacf_train,1,1,1473,315,317,2014-01-03,2018-01-14,2018-01-15,2018-11-25,2018-11-26,2019-10-08,"{""colsample_bytree"": 0.8, ""learning_rate"": 0.05, ""max_depth"": 5, ""n_estimators"": 100, ""subsample"": 0.8}",12,none,42,7.31303930458088,2.704263172211773,2.1750875081548307,-0.010819572794813492,0.5478970247607065,47.462365012374555,1.3332713405443455,9.204222106136516,3.0338460913725527,2.402974313997934,-0.09848269541024224,0.5702041994528171,49.47715900050416,1.8586779175253632,5.305,
Naive,M01AE,A_lag1,pacf_train,1,21,1459,312,314,2014-01-23,2018-01-20,2018-01-21,2018-11-28,2018-11-29,2019-10-08,{},0,none,42,8.063918044871794,2.8397038657000477,2.218602564102564,-1.0160140755539473,0.7349227624344821,60.37815381835404,19.092561696684115,8.127574394904459,2.850890105722151,2.2165859872611464,-0.4660092267111404,0.7429677004131198,66.51148449675807,2.7600257404290813,0.0,
SeasonalNaive(s=7),M01AE,A_lag1,pacf_train,1,21,1459,312,314,2014-01-23,2018-01-20,2018-01-21,2018-11-28,2018-11-29,2019-10-08,{},0,none,42,7.688206141025641,2.7727614648623566,2.131211538461538,-0.9220844891801485,0.7175978946051728,58.50321369891426,11.658897336905703,8.206476410828024,2.864694819841727,2.2132579617834396,-0.4802411583711663,0.7465653335466087,66.23754139148446,6.085345931316496,0.0,
LR,M01AE,A_lag1,pacf_train,1,21,1459,312,314,2014-01-23,2018-01-20,2018-01-21,2018-11-28,2018-11-29,2019-10-08,{},1,none,42,4.030009093885328,2.007488254980668,1.604507226399023,-0.00751954728136095,0.519543193121465,44.18282874781168,8.974778377032807,5.39158856688948,2.3219794501436657,1.7570176272245002,0.027493542151306616,0.6051288083736097,50.103371144787765,3.901992843556399,0.01,
GRNN,M01AE,A_lag1,pacf_train,1,21,1459,312,314,2014-01-23,2018-01-20,2018-01-21,2018-11-28,2018-11-29,2019-10-08,"{""sigma"": 5.0}",16,standard,42,4.0040946072965875,2.001023389992378,1.607535519088596,-0.0010408145570275362,0.5178700692111347,44.33103121386779,8.30819175189536,5.543224253395577,2.3544052865629523,1.7925595664010063,0.00014229260064313465,0.6135792740965973,50.91018912166423,3.9799699355138816,0.834,
P_NN,M01AE,A_lag1,pacf_train,1,21,1459,312,314,2014-01-23,2018-01-20,2018-01-21,2018-11-28,2018-11-29,2019-10-08,"{""sigma"": 0.75}",16,standard,42,4.04178192295641,2.0104183452596156,1.572814935897436,-0.010462805010956533,0.5203015081232497,43.774729238515604,7.599464128373378,6.488403913498726,2.547234561931572,1.87801050955414,-0.17034425544985998,0.663832324189758,55.00375884206513,3.5102970937805256,0.68,
RBFNN,M01AE,A_lag1,pacf_train,1,21,1459,312,314,2014-01-23,2018-01-20,2018-01-21,2018-11-28,2018-11-29,2019-10-08,"{""alpha"": 0.1, ""gamma"": 1.0, ""n_centers"": 10}",60,standard,42,4.0251301322677,2.0062726963869344,1.6015196963872185,-0.0062997859642826,0.5192286033889235,44.125432763779145,8.768791737467884,5.305916423137949,2.3034574932344527,1.7472957694125009,0.0429466339483634,0.6003018191801757,49.961617590476756,3.8354869332491948,5.607,
XGBoost,M01AE,A_lag1,pacf_train,1,21,1459,312,314,2014-01-23,2018-01-20,2018-01-21,2018-11-28,2018-11-29,2019-10-08,"{""colsample_bytree"": 0.8, ""learning_rate"": 0.05, ""max_depth"": 3, ""n_estimators"": 100, ""subsample"": 0.8}",12,none,42,4.146593883941135,2.0363187088324692,1.6288393891835824,-0.03666624451217926,0.5270045897279672,44.69920984650791,9.582399653500117,5.3194486649593244,2.3063929988099003,1.7637240654222528,0.0405057591677328,0.6010668384359381,50.411534961428096,3.5090514062897897,6.127,
LR+XGB (average),M01AE,A_lag1,pacf_train,1,21,1459,312,314,2014-01-23,2018-01-20,2018-01-21,2018-11-28,2018-11-29,2019-10-08,"{""colsample_bytree"": 0.8, ""learning_rate"": 0.05, ""max_depth"": 3, ""n_estimators"": 100, ""subsample"": 0.8}",12,none,42,4.070960626046883,2.017662168463017,1.6137753656692615,-0.01775760585211983,0.5221762284500886,44.37995340135787,9.276633770356302,5.34045675096216,2.3109428272811425,1.7575281233705604,0.03671643083688336,0.6022525648130328,50.19314649611242,3.7030280909452777,5.185,
LR-XGB (residual),M01AE,A_lag1,pacf_train,1,21,1459,312,314,2014-01-23,2018-01-20,2018-01-21,2018-11-28,2018-11-29,2019-10-08,"{""colsample_bytree"": 0.8, ""learning_rate"": 0.05, ""max_depth"": 3, ""n_estimators"": 100, ""subsample"": 0.8}",12,none,42,4.140244201675784,2.0347590033406373,1.6268042866953591,-0.035078796729226536,0.5266009338811423,44.644810842945375,9.579315412466345,5.302345458345615,2.3026822313001887,1.7609304169235407,0.04359074584195688,0.6000997789207627,50.36678169038535,3.5814321231987667,5.173,
Naive,M01AE,B_rich,pacf_train,22,21,1459,312,314,2014-01-23,2018-01-20,2018-01-21,2018-11-28,2018-11-29,2019-10-08,{},0,none,42,8.063918044871794,2.8397038657000477,2.218602564102564,-1.0160140755539473,0.7349227624344821,60.37815381835404,19.092561696684115,8.127574394904459,2.850890105722151,2.2165859872611464,-0.4660092267111404,0.7429677004131198,66.51148449675807,2.7600257404290813,0.0,
SeasonalNaive(s=7),M01AE,B_rich,pacf_train,22,21,1459,312,314,2014-01-23,2018-01-20,2018-01-21,2018-11-28,2018-11-29,2019-10-08,{},0,none,42,7.688206141025641,2.7727614648623566,2.131211538461538,-0.9220844891801485,0.7175978946051728,58.50321369891426,11.658897336905703,8.206476410828024,2.864694819841727,2.2132579617834396,-0.4802411583711663,0.7465653335466087,66.23754139148446,6.085345931316496,0.0,
LR,M01AE,B_rich,pacf_train,22,21,1459,312,314,2014-01-23,2018-01-20,2018-01-21,2018-11-28,2018-11-29,2019-10-08,{},1,none,42,4.001935488421122,2.000483813586384,1.5815566832610755,-0.0005010255835395938,0.5177304254308,43.629559076413784,8.745514089424283,4.850956322761249,2.2024886657509155,1.6781726449236807,0.1250099498321069,0.573988431155052,48.66748692964677,3.912127464558648,0.019,
GRNN,M01AE,B_rich,pacf_train,22,21,1459,312,314,2014-01-23,2018-01-20,2018-01-21,2018-11-28,2018-11-29,2019-10-08,"{""sigma"": 2.0}",16,standard,42,3.9751218161136546,1.993770753149332,1.5913780151853358,0.00620250742465156,0.5159930678913821,43.99937377608846,8.313669448337432,5.26340549185499,2.2942113006118223,1.7477869760040343,0.05061453269266458,0.5978921779047635,50.01150460542358,3.9317319465187177,5.851,
P_NN,M01AE,B_rich,pacf_train,22,21,1459,312,314,2014-01-23,2018-01-20,2018-01-21,2018-11-28,2018-11-29,2019-10-08,"{""sigma"": 5.0}",16,standard,42,4.065200795771795,2.0162343107317153,1.5771760897435898,-0.016317623595012876,0.5218066951473641,43.88418733926929,7.599321927790604,5.569047818041401,2.3598830093971612,1.776166687898089,-0.004515626502636483,0.6150068181220453,51.10932630372641,3.6551317403261647,6.148,
RBFNN,M01AE,B_rich,pacf_train,22,21,1459,312,314,2014-01-23,2018-01-20,2018-01-21,2018-11-28,2018-11-29,2019-10-08,"{""alpha"": 0.01, ""gamma"": 0.01, ""n_centers"": 20}",60,standard,42,3.9221858662723568,1.9804509249845998,1.574323140331279,0.01943672178410205,0.5125458616427953,43.54865324647456,8.42721993082041,5.118874691284602,2.262493025687505,1.714477312726786,0.07668424019518538,0.5896261090954847,49.383440251965844,3.8622253819414425,12.304,
XGBoost,M01AE,B_rich,pacf_train,22,21,1459,312,314,2014-01-23,2018-01-20,2018-01-21,2018-11-28,2018-11-29,2019-10-08,"{""colsample_bytree"": 0.8, ""learning_rate"": 0.05, ""max_depth"": 3, ""n_estimators"": 100, ""subsample"": 0.8}",12,none,42,4.010450250705011,2.002610858530686,1.5898411670036803,-0.0026297526512994995,0.518280910206755,43.88304419006916,9.239336590892151,5.001747363845778,2.236458665803099,1.7271177625595389,0.097811052991016,0.5828413198620376,49.83094658199001,3.8900566352934076,8.526,
LR+XGB (average),M01AE,B_rich,pacf_train,22,21,1459,312,314,2014-01-23,2018-01-20,2018-01-21,2018-11-28,2018-11-29,2019-10-08,"{""colsample_bytree"": 0.8, ""learning_rate"": 0.05, ""max_depth"": 3, ""n_estimators"": 100, ""subsample"": 0.8}",12,none,42,3.9858708569086603,1.9964645894452173,1.5826375002599782,0.0035152011523343907,0.5166902397465292,43.689633959795934,8.985459688430621,4.888328746576954,2.2109565229956365,1.6979429497408676,0.11826890810473356,0.5761952312038892,49.14389248063027,3.899828230638259,8.545,
LR-XGB (residual),M01AE,B_rich,pacf_train,22,21,1459,312,314,2014-01-23,2018-01-20,2018-01-21,2018-11-28,2018-11-29,2019-10-08,"{""colsample_bytree"": 0.8, ""learning_rate"": 0.05, ""max_depth"": 3, ""n_estimators"": 100, ""subsample"": 0.8}",12,none,42,4.063296167159062,2.0157619321633846,1.5908391756024796,-0.01584145827802863,0.5216844423425749,43.83183715189777,8.815935401384824,4.79214177134234,2.189096108292722,1.6817489540488528,0.13561861003693432,0.570498209768618,48.93723108997458,3.8874946723935984,9.153,
Naive,N02BA,A_lag1,pacf_train,1,1,1473,315,317,2014-01-03,2018-01-14,2018-01-15,2018-11-25,2018-11-26,2019-10-08,{},0,none,42,8.334103174603174,2.886884683288055,2.2893650793650795,-0.9287620753697006,0.9162404788269394,82.69963604275131,2.342371831447952,7.760276025236593,2.7857271986389107,2.1345425867507886,-1.0094483557731615,0.9089347145988727,77.96042411378919,4.514916652855951,0.0,
SeasonalNaive(s=7),N02BA,A_lag1,pacf_train,1,1,1473,315,317,2014-01-03,2018-01-14,2018-01-15,2018-11-25,2018-11-26,2019-10-08,{},0,none,42,7.847873015873016,2.801405542914666,2.1787301587301586,-0.8162337960321493,0.8891110791114557,79.36972426456744,2.511528605299084,7.255528391167193,2.693608804404825,2.1228706624605675,-0.8787488419848966,0.8788780721489677,78.63586500450135,5.112774483243222,0.0,
LR,N02BA,A_lag1,pacf_train,1,1,1473,315,317,2014-01-03,2018-01-14,2018-01-15,2018-11-25,2018-11-26,2019-10-08,{},1,none,42,5.2531433805716725,2.2919736867101403,1.905808851129704,-0.21573533668287714,0.7274274169407499,62.32415222541202,3.320251974157873,4.645671054039993,2.155381881254455,1.7629831366345512,-0.20295154845590968,0.7032639147317814,59.40873592073984,4.295684500120711,0.009,
GRNN,N02BA,A_lag1,pacf_train,1,1,1473,315,317,2014-01-03,2018-01-14,2018-01-15,2018-11-25,2018-11-26,2019-10-08,"{""sigma"": 0.1}",16,standard,42,5.213301722322168,2.2832655829583572,1.9006305333812652,-0.2065147789526034,0.7246636359011411,62.24704335804607,3.3513093760395285,4.623768603736487,2.150295003885859,1.7531511517077394,-0.197280120969741,0.7016041544252146,59.19671300313297,4.196035564455385,0.821,
P_NN,N02BA,A_lag1,pacf_train,1,1,1473,315,317,2014-01-03,2018-01-14,2018-01-15,2018-11-25,2018-11-26,2019-10-08,"{""sigma"": 0.1}",16,standard,42,5.181861104761905,2.2763701598733683,1.8381333333333332,-0.19923847465135225,0.7224751640907919,62.842367953886615,3.132793792948968,4.848780479495268,2.201994659279461,1.7082208201892748,-0.255544768039319,0.7184728598544481,60.77055192680704,3.3262507761812756,0.635,
RBFNN,N02BA,A_lag1,pacf_train,1,1,1473,315,317,2014-01-03,2018-01-14,2018-01-15,2018-11-25,2018-11-26,2019-10-08,"{""alpha"": 0.01, ""gamma"": 1.0, ""n_centers"": 10}",60,standard,42,5.2392808472975885,2.288947541403601,1.9062545266040554,-0.21252712964638598,0.7264669778762058,62.315856048118704,3.3826440171133956,4.644393855779555,2.155085579688091,1.7547118327739746,-0.20262083032989375,0.7031672366436363,59.18245712226259,4.243421207782378,5.777,
XGBoost,N02BA,A_lag1,pacf_train,1,1,1473,315,317,2014-01-03,2018-01-14,2018-01-15,2018-11-25,2018-11-26,2019-10-08,"{""colsample_bytree"": 0.8, ""learning_rate"": 0.05, ""max_depth"": 3, ""n_estimators"": 100, ""subsample"": 0.8}",12,none,42,5.331220175999178,2.3089435194476233,1.9189018702128577,-0.2338046548604915,0.732813308439296,62.54711440172541,3.317541156670962,4.67996274712004,2.163322155186333,1.7687966103057378,-0.21183105042881523,0.7058546890989322,59.417350130956606,4.196046041834413,5.19,
LR+XGB (average),N02BA,A_lag1,pacf_train,1,1,1473,315,317,2014-01-03,2018-01-14,2018-01-15,2018-11-25,2018-11-26,2019-10-08,"{""colsample_bytree"": 0.8, ""learning_rate"": 0.05, ""max_depth"": 3, ""n_estimators"": 100, ""subsample"": 0.8}",12,none,42,5.269391677474424,2.2955155580989697,1.9089730990296767,-0.2194956811613178,0.7285515373311592,62.391817889496714,3.3174637242462497,4.642014995094367,2.1545335910805306,1.7599684723316282,-0.2020048473832925,0.7029871322860668,59.28427802742773,4.244599881262028,5.089,
LR-XGB (residual),N02BA,A_lag1,pacf_train,1,1,1473,315,317,2014-01-03,2018-01-14,2018-01-15,2018-11-25,2018-11-26,2019-10-08,"{""colsample_bytree"": 0.8, ""learning_rate"": 0.05, ""max_depth"": 3, ""n_estimators"": 100, ""subsample"": 0.8}",12,none,42,5.333321156054457,2.3093984402987844,1.9195163597968696,-0.23429088482031224,0.7329576913794631,62.55887301354617,3.3215966000967594,4.679212141682377,2.16314866379599,1.7681598041443223,-0.2116366884167371,0.7057980818520188,59.397783423409365,4.205068020253378,5.673,
Naive,N02BA,B_rich,pacf_train,1,1,1473,315,317,2014-01-03,2018-01-14,2018-01-15,2018-11-25,2018-11-26,2019-10-08,{},0,none,42,8.334103174603174,2.886884683288055,2.2893650793650795,-0.9287620753697006,0.9162404788269394,82.69963604275131,2.342371831447952,7.760276025236593,2.7857271986389107,2.1345425867507886,-1.0094483557731615,0.9089347145988727,77.96042411378919,4.514916652855951,0.0,
SeasonalNaive(s=7),N02BA,B_rich,pacf_train,1,1,1473,315,317,2014-01-03,2018-01-14,2018-01-15,2018-11-25,2018-11-26,2019-10-08,{},0,none,42,7.847873015873016,2.801405542914666,2.1787301587301586,-0.8162337960321493,0.8891110791114557,79.36972426456744,2.511528605299084,7.255528391167193,2.693608804404825,2.1228706624605675,-0.8787488419848966,0.8788780721489677,78.63586500450135,5.112774483243222,0.0,
LR,N02BA,B_rich,pacf_train,1,1,1473,315,317,2014-01-03,2018-01-14,2018-01-15,2018-11-25,2018-11-26,2019-10-08,{},1,none,42,5.2531433805716725,2.2919736867101403,1.905808851129704,-0.21573533668287714,0.7274274169407499,62.32415222541202,3.320251974157873,4.645671054039993,2.155381881254455,1.7629831366345512,-0.20295154845590968,0.7032639147317814,59.40873592073984,4.295684500120711,0.011,
GRNN,N02BA,B_rich,pacf_train,1,1,1473,315,317,2014-01-03,2018-01-14,2018-01-15,2018-11-25,2018-11-26,2019-10-08,"{""sigma"": 0.1}",16,standard,42,5.213301722322168,2.2832655829583572,1.9006305333812652,-0.2065147789526034,0.7246636359011411,62.24704335804607,3.3513093760395285,4.623768603736487,2.150295003885859,1.7531511517077394,-0.197280120969741,0.7016041544252146,59.19671300313297,4.196035564455385,0.85,
P_NN,N02BA,B_rich,pacf_train,1,1,1473,315,317,2014-01-03,2018-01-14,2018-01-15,2018-11-25,2018-11-26,2019-10-08,"{""sigma"": 0.1}",16,standard,42,5.181861104761905,2.2763701598733683,1.8381333333333332,-0.19923847465135225,0.7224751640907919,62.842367953886615,3.132793792948968,4.848780479495268,2.201994659279461,1.7082208201892748,-0.255544768039319,0.7184728598544481,60.77055192680704,3.3262507761812756,0.71,
RBFNN,N02BA,B_rich,pacf_train,1,1,1473,315,317,2014-01-03,2018-01-14,2018-01-15,2018-11-25,2018-11-26,2019-10-08,"{""alpha"": 0.01, ""gamma"": 1.0, ""n_centers"": 10}",60,standard,42,5.23928084729759,2.288947541403601,1.906254526604056,-0.21252712964638643,0.7264669778762058,62.31585604811873,3.382644017113389,4.644393855779562,2.1550855796880923,1.7547118327739764,-0.20262083032989575,0.7031672366436368,59.18245712226262,4.243421207782375,5.563,
XGBoost,N02BA,B_rich,pacf_train,1,1,1473,315,317,2014-01-03,2018-01-14,2018-01-15,2018-11-25,2018-11-26,2019-10-08,"{""colsample_bytree"": 0.8, ""learning_rate"": 0.05, ""max_depth"": 3, ""n_estimators"": 100, ""subsample"": 0.8}",12,none,42,5.331220175999178,2.3089435194476233,1.9189018702128577,-0.2338046548604915,0.732813308439296,62.54711440172541,3.317541156670962,4.67996274712004,2.163322155186333,1.7687966103057378,-0.21183105042881523,0.7058546890989322,59.417350130956606,4.196046041834413,5.244,
LR+XGB (average),N02BA,B_rich,pacf_train,1,1,1473,315,317,2014-01-03,2018-01-14,2018-01-15,2018-11-25,2018-11-26,2019-10-08,"{""colsample_bytree"": 0.8, ""learning_rate"": 0.05, ""max_depth"": 3, ""n_estimators"": 100, ""subsample"": 0.8}",12,none,42,5.269391677474424,2.2955155580989697,1.9089730990296767,-0.2194956811613178,0.7285515373311592,62.391817889496714,3.3174637242462497,4.642014995094367,2.1545335910805306,1.7599684723316282,-0.2020048473832925,0.7029871322860668,59.28427802742773,4.244599881262028,5.34,
LR-XGB (residual),N02BA,B_rich,pacf_train,1,1,1473,315,317,2014-01-03,2018-01-14,2018-01-15,2018-11-25,2018-11-26,2019-10-08,"{""colsample_bytree"": 0.8, ""learning_rate"": 0.05, ""max_depth"": 3, ""n_estimators"": 100, ""subsample"": 0.8}",12,none,42,5.333321156054457,2.3093984402987844,1.9195163597968696,-0.23429088482031224,0.7329576913794631,62.55887301354617,3.3215966000967594,4.679212141682377,2.16314866379599,1.7681598041443223,-0.2116366884167371,0.7057980818520188,59.397783423409365,4.205068020253378,5.318,
Naive,N02BE,A_lag1,pacf_train,1,1,1473,315,317,2014-01-03,2018-01-14,2018-01-15,2018-11-25,2018-11-26,2019-10-08,{},0,none,42,217.44338421587304,14.745961623979396,11.26143492063492,-0.17738576461804145,0.49498648361352615,39.65327459694022,0.6401810403773499,267.6145699621451,16.358929364788672,12.260832807570978,0.035374640876223995,0.5550064058152501,45.59922383129986,0.6090563105445783,0.0,
SeasonalNaive(s=7),N02BE,A_lag1,pacf_train,1,1,1473,315,317,2014-01-03,2018-01-14,2018-01-15,2018-11-25,2018-11-26,2019-10-08,{},0,none,42,230.10919060634924,15.169350368633102,11.791273015873015,-0.24596701943676735,0.5091986259791271,41.051854594294824,0.6799729413046828,266.48052583596217,16.32423124793208,11.935097791798109,0.039462339549118264,0.5538292091481757,44.49239311465449,0.6478070977049389,0.0,
LR,N02BE,A_lag1,pacf_train,1,1,1473,315,317,2014-01-03,2018-01-14,2018-01-15,2018-11-25,2018-11-26,2019-10-08,{},1,none,42,153.57083492845794,12.392370028709518,9.86939933741544,0.16846348047192283,0.4159820716048506,34.57583006066338,0.6084517399038339,205.6223851477789,14.339539223691217,11.141617867165255,0.2588274728647224,0.48649492568369396,40.123373437841536,0.62185815126519,0.011,
GRNN,N02BE,A_lag1,pacf_train,1,1,1473,315,317,2014-01-03,2018-01-14,2018-01-15,2018-11-25,2018-11-26,2019-10-08,"{""sigma"": 0.35}",16,standard,42,153.77160222251274,12.40046782272801,9.839505716933525,0.1673763903547716,0.4162538950836071,34.422160944292315,0.6016851052466542,206.11482252241774,14.356699569274888,11.037743999549376,0.2570524664462597,0.48707712159105204,39.47554569226145,0.612826808547034,0.836,
P_NN,N02BE,A_lag1,pacf_train,1,1,1473,315,317,2014-01-03,2018-01-14,2018-01-15,2018-11-25,2018-11-26,2019-10-08,"{""sigma"": 0.2}",16,standard,42,188.27510306269838,13.721337509976875,10.54836984126984,-0.019448933695513926,0.4605923152202637,37.26365300938044,0.5151295640802296,219.87988084305985,14.828347205371873,10.879739747634067,0.20743586923412982,0.5030786247141649,39.38648026967615,0.490444129643935,0.689,
RBFNN,N02BE,A_lag1,pacf_train,1,1,1473,315,317,2014-01-03,2018-01-14,2018-01-15,2018-11-25,2018-11-26,2019-10-08,"{""alpha"": 1.0, ""gamma"": 0.01, ""n_centers"": 20}",60,standard,42,153.6045139265719,12.3937288144679,9.863897971897593,0.16828111956409864,0.41602768277634805,34.56556781097105,0.6099051607054897,203.5074574852951,14.265604000016792,11.087420791287665,0.2664507979184848,0.4839865388669495,39.9359045462361,0.6215848204157971,6.712,
XGBoost,N02BE,A_lag1,pacf_train,1,1,1473,315,317,2014-01-03,2018-01-14,2018-01-15,2018-11-25,2018-11-26,2019-10-08,"{""colsample_bytree"": 0.8, ""learning_rate"": 0.05, ""max_depth"": 3, ""n_estimators"": 100, ""subsample"": 0.8}",12,none,42,156.3816289320099,12.505264048871975,9.946712917654855,0.1532439378816074,0.41977165247357723,34.663867229079116,0.5987058025031782,203.4899291194104,14.26498962913785,10.946068590952395,0.26651397947933475,0.48396569521845906,39.07560741324525,0.6022380834744682,7.727,
LR+XGB (average),N02BE,A_lag1,pacf_train,1,1,1473,315,317,2014-01-03,2018-01-14,2018-01-15,2018-11-25,2018-11-26,2019-10-08,"{""colsample_bytree"": 0.8, ""learning_rate"": 0.05, ""max_depth"": 3, ""n_estimators"": 100, ""subsample"": 0.8}",12,none,42,153.9028867859083,12.405760226036463,9.869408242084107,0.16666552680464142,0.41643154834016083,34.479523790329786,0.6020326992736319,202.51838865688435,14.230895567633274,10.986606872213263,0.27001592844907885,0.482808992226879,39.35176340253182,0.6099284205438091,7.501,
LR-XGB (residual),N02BE,A_lag1,pacf_train,1,1,1473,315,317,2014-01-03,2018-01-14,2018-01-15,2018-11-25,2018-11-26,2019-10-08,"{""colsample_bytree"": 0.8, ""learning_rate"": 0.05, ""max_depth"": 3, ""n_estimators"": 100, ""subsample"": 0.8}",12,none,42,158.85448822129626,12.603748974860467,10.007030300703148,0.13985420273004812,0.4230775546891851,34.80096516755009,0.6028069357074654,202.66922065488424,14.236194036851431,10.961514001742676,0.2694722496416859,0.48298875242337586,39.13963743583572,0.6044580812587246,5.669,
Naive,N02BE,B_rich,pacf_train,1,1,1473,315,317,2014-01-03,2018-01-14,2018-01-15,2018-11-25,2018-11-26,2019-10-08,{},0,none,42,217.44338421587304,14.745961623979396,11.26143492063492,-0.17738576461804145,0.49498648361352615,39.65327459694022,0.6401810403773499,267.6145699621451,16.358929364788672,12.260832807570978,0.035374640876223995,0.5550064058152501,45.59922383129986,0.6090563105445783,0.0,
SeasonalNaive(s=7),N02BE,B_rich,pacf_train,1,1,1473,315,317,2014-01-03,2018-01-14,2018-01-15,2018-11-25,2018-11-26,2019-10-08,{},0,none,42,230.10919060634924,15.169350368633102,11.791273015873015,-0.24596701943676735,0.5091986259791271,41.051854594294824,0.6799729413046828,266.48052583596217,16.32423124793208,11.935097791798109,0.039462339549118264,0.5538292091481757,44.49239311465449,0.6478070977049389,0.0,
LR,N02BE,B_rich,pacf_train,1,1,1473,315,317,2014-01-03,2018-01-14,2018-01-15,2018-11-25,2018-11-26,2019-10-08,{},1,none,42,153.57083492845794,12.392370028709518,9.86939933741544,0.16846348047192283,0.4159820716048506,34.57583006066338,0.6084517399038339,205.6223851477789,14.339539223691217,11.141617867165255,0.2588274728647224,0.48649492568369396,40.123373437841536,0.62185815126519,0.01,
GRNN,N02BE,B_rich,pacf_train,1,1,1473,315,317,2014-01-03,2018-01-14,2018-01-15,2018-11-25,2018-11-26,2019-10-08,"{""sigma"": 0.35}",16,standard,42,153.77160222251274,12.40046782272801,9.839505716933525,0.1673763903547716,0.4162538950836071,34.422160944292315,0.6016851052466542,206.11482252241774,14.356699569274888,11.037743999549376,0.2570524664462597,0.48707712159105204,39.47554569226145,0.612826808547034,0.838,
P_NN,N02BE,B_rich,pacf_train,1,1,1473,315,317,2014-01-03,2018-01-14,2018-01-15,2018-11-25,2018-11-26,2019-10-08,"{""sigma"": 0.2}",16,standard,42,188.27510306269838,13.721337509976875,10.54836984126984,-0.019448933695513926,0.4605923152202637,37.26365300938044,0.5151295640802296,219.87988084305985,14.828347205371873,10.879739747634067,0.20743586923412982,0.5030786247141649,39.38648026967615,0.490444129643935,0.635,
RBFNN,N02BE,B_rich,pacf_train,1,1,1473,315,317,2014-01-03,2018-01-14,2018-01-15,2018-11-25,2018-11-26,2019-10-08,"{""alpha"": 1.0, ""gamma"": 0.01, ""n_centers"": 20}",60,standard,42,153.6045139265719,12.3937288144679,9.863897971897591,0.16828111956409864,0.41602768277634805,34.56556781097105,0.6099051607054897,203.50745748529508,14.265604000016792,11.087420791287665,0.2664507979184848,0.4839865388669495,39.93590454623611,0.6215848204157973,6.691,
XGBoost,N02BE,B_rich,pacf_train,1,1,1473,315,317,2014-01-03,2018-01-14,2018-01-15,2018-11-25,2018-11-26,2019-10-08,"{""colsample_bytree"": 0.8, ""learning_rate"": 0.05, ""max_depth"": 3, ""n_estimators"": 100, ""subsample"": 0.8}",12,none,42,156.3816289320099,12.505264048871975,9.946712917654855,0.1532439378816074,0.41977165247357723,34.663867229079116,0.5987058025031782,203.4899291194104,14.26498962913785,10.946068590952395,0.26651397947933475,0.48396569521845906,39.07560741324525,0.6022380834744682,5.4,
LR+XGB (average),N02BE,B_rich,pacf_train,1,1,1473,315,317,2014-01-03,2018-01-14,2018-01-15,2018-11-25,2018-11-26,2019-10-08,"{""colsample_bytree"": 0.8, ""learning_rate"": 0.05, ""max_depth"": 3, ""n_estimators"": 100, ""subsample"": 0.8}",12,none,42,153.9028867859083,12.405760226036463,9.869408242084107,0.16666552680464142,0.41643154834016083,34.479523790329786,0.6020326992736319,202.51838865688435,14.230895567633274,10.986606872213263,0.27001592844907885,0.482808992226879,39.35176340253182,0.6099284205438091,5.243,
LR-XGB (residual),N02BE,B_rich,pacf_train,1,1,1473,315,317,2014-01-03,2018-01-14,2018-01-15,2018-11-25,2018-11-26,2019-10-08,"{""colsample_bytree"": 0.8, ""learning_rate"": 0.05, ""max_depth"": 3, ""n_estimators"": 100, ""subsample"": 0.8}",12,none,42,158.85448822129626,12.603748974860467,10.007030300703148,0.13985420273004812,0.4230775546891851,34.80096516755009,0.6028069357074654,202.66922065488424,14.236194036851431,10.961514001742676,0.2694722496416859,0.48298875242337586,39.13963743583572,0.6044580812587246,5.407,
Naive,N05B,A_lag1,pacf_train,1,1,1473,315,317,2014-01-03,2018-01-14,2018-01-15,2018-11-25,2018-11-26,2019-10-08,{},0,none,42,36.112,6.009326085344346,4.477460317460317,-0.5700891855747092,0.6556309631765964,51.482848952749436,1.037593235641704,34.789652996845426,5.898275425651589,4.513564668769717,-0.8613666472123493,0.6920910978425946,58.41854125142585,1.4696289793176036,0.0,
SeasonalNaive(s=7),N05B,A_lag1,pacf_train,1,1,1473,315,317,2014-01-03,2018-01-14,2018-01-15,2018-11-25,2018-11-26,2019-10-08,{},0,none,42,42.736761904761906,6.5373359944829135,4.9523809523809526,-0.8581227207894293,0.7132380293232605,55.1438964833201,1.2884391726352744,33.49817034700316,5.7877603912915365,4.490220820189275,-0.7922678628672513,0.6791234986820466,58.98982476196507,1.3497836088745436,0.0,
LR,N05B,A_lag1,pacf_train,1,1,1473,315,317,2014-01-03,2018-01-14,2018-01-15,2018-11-25,2018-11-26,2019-10-08,{},1,none,42,22.121535572971776,4.703353651701281,3.4966883742269155,0.03819274004682072,0.5131464395559379,39.37344562383443,0.8682197354640178,19.658609097174086,4.433803006130751,3.492097883087328,-0.05180351489516477,0.5202530178203465,44.6846688968021,1.2961836959440327,0.009,
GRNN,N05B,A_lag1,pacf_train,1,1,1473,315,317,2014-01-03,2018-01-14,2018-01-15,2018-11-25,2018-11-26,2019-10-08,"{""sigma"": 0.5}",16,standard,42,21.88016746935972,4.677624126558238,3.455731758423655,0.048687020319969965,0.5103392906157679,39.08326080061931,0.8488420496030442,19.257245138814305,4.388307776217879,3.4850322228318023,-0.030329156253192435,0.5149147042719379,44.808011624921626,1.2694614856616346,0.834,
P_NN,N05B,A_lag1,pacf_train,1,1,1473,315,317,2014-01-03,2018-01-14,2018-01-15,2018-11-25,2018-11-26,2019-10-08,"{""sigma"": 0.35}",16,standard,42,40.62325173405661,6.37363724525146,5.090059523935318,-0.7662308437782821,0.6953781283784324,68.47900754815862,0.7293733337289671,35.71716902164738,5.976384276604658,4.836732124162981,-0.9109919594705052,0.701256224342492,68.64903608838392,1.0318588227170515,0.817,
RBFNN,N05B,A_lag1,pacf_train,1,1,1473,315,317,2014-01-03,2018-01-14,2018-01-15,2018-11-25,2018-11-26,2019-10-08,"{""alpha"": 0.1, ""gamma"": 1.0, ""n_centers"": 10}",60,standard,42,21.865466608997117,4.676052460034758,3.471367469968112,0.04932618906924913,0.5101678182706251,39.168315143496244,0.8579942517765463,19.69716834934231,4.438149203141137,3.50660534879507,-0.05386656812348756,0.5207629913368894,44.86792908676874,1.276031232247521,6.012,
XGBoost,N05B,A_lag1,pacf_train,1,1,1473,315,317,2014-01-03,2018-01-14,2018-01-15,2018-11-25,2018-11-26,2019-10-08,"{""colsample_bytree"": 0.8, ""learning_rate"": 0.05, ""max_depth"": 3, ""n_estimators"": 100, ""subsample"": 0.8}",12,none,42,22.548097762658838,4.748483733009816,3.513976276639908,0.019646531556492763,0.5180702327161583,39.508421515890255,0.8808568297522316,19.877701406790553,4.458441589478386,3.49944596756896,-0.06352571050941203,0.5231440568050963,44.775934775204306,1.2772689667062351,5.179,
LR+XGB (average),N05B,A_lag1,pacf_train,1,1,1473,315,317,2014-01-03,2018-01-14,2018-01-15,2018-11-25,2018-11-26,2019-10-08,"{""colsample_bytree"": 0.8, ""learning_rate"": 0.1, ""max_depth"": 5, ""n_estimators"": 300, ""subsample"": 0.8}",12,none,42,22.15090438445821,4.70647473003502,3.4895315792068606,0.036915833386762076,0.5134869562070626,39.28790835567192,0.8695084244806811,20.01733841437589,4.474074028709839,3.5159006848734444,-0.07099677291579631,0.5249783339876439,45.0235344582323,1.2861219020810257,6.088,
LR-XGB (residual),N05B,A_lag1,pacf_train,1,1,1473,315,317,2014-01-03,2018-01-14,2018-01-15,2018-11-25,2018-11-26,2019-10-08,"{""colsample_bytree"": 0.8, ""learning_rate"": 0.05, ""max_depth"": 3, ""n_estimators"": 100, ""subsample"": 0.8}",12,none,42,22.318606451802413,4.72425723810658,3.501918219919053,0.0296244288028108,0.5154270677485359,39.402252132106504,0.8753519513238462,19.893133880008307,4.460171956327279,3.500961943737221,-0.06435140115180316,0.5233470943721303,44.79178007004501,1.279937258995549,5.053,
Naive,N05B,B_rich,pacf_train,1,1,1473,315,317,2014-01-03,2018-01-14,2018-01-15,2018-11-25,2018-11-26,2019-10-08,{},0,none,42,36.112,6.009326085344346,4.477460317460317,-0.5700891855747092,0.6556309631765964,51.482848952749436,1.037593235641704,34.789652996845426,5.898275425651589,4.513564668769717,-0.8613666472123493,0.6920910978425946,58.41854125142585,1.4696289793176036,0.0,
SeasonalNaive(s=7),N05B,B_rich,pacf_train,1,1,1473,315,317,2014-01-03,2018-01-14,2018-01-15,2018-11-25,2018-11-26,2019-10-08,{},0,none,42,42.736761904761906,6.5373359944829135,4.9523809523809526,-0.8581227207894293,0.7132380293232605,55.1438964833201,1.2884391726352744,33.49817034700316,5.7877603912915365,4.490220820189275,-0.7922678628672513,0.6791234986820466,58.98982476196507,1.3497836088745436,0.0,
LR,N05B,B_rich,pacf_train,1,1,1473,315,317,2014-01-03,2018-01-14,2018-01-15,2018-11-25,2018-11-26,2019-10-08,{},1,none,42,22.121535572971776,4.703353651701281,3.4966883742269155,0.03819274004682072,0.5131464395559379,39.37344562383443,0.8682197354640178,19.658609097174086,4.433803006130751,3.492097883087328,-0.05180351489516477,0.5202530178203465,44.6846688968021,1.2961836959440327,0.01,
GRNN,N05B,B_rich,pacf_train,1,1,1473,315,317,2014-01-03,2018-01-14,2018-01-15,2018-11-25,2018-11-26,2019-10-08,"{""sigma"": 0.5}",16,standard,42,21.88016746935972,4.677624126558238,3.455731758423655,0.048687020319969965,0.5103392906157679,39.08326080061931,0.8488420496030442,19.257245138814305,4.388307776217879,3.4850322228318023,-0.030329156253192435,0.5149147042719379,44.808011624921626,1.2694614856616346,0.833,
P_NN,N05B,B_rich,pacf_train,1,1,1473,315,317,2014-01-03,2018-01-14,2018-01-15,2018-11-25,2018-11-26,2019-10-08,"{""sigma"": 0.35}",16,standard,42,40.62325173405661,6.37363724525146,5.090059523935318,-0.7662308437782821,0.6953781283784324,68.47900754815862,0.7293733337289671,35.71716902164738,5.976384276604658,4.836732124162981,-0.9109919594705052,0.701256224342492,68.64903608838392,1.0318588227170515,0.66,
RBFNN,N05B,B_rich,pacf_train,1,1,1473,315,317,2014-01-03,2018-01-14,2018-01-15,2018-11-25,2018-11-26,2019-10-08,"{""alpha"": 0.1, ""gamma"": 1.0, ""n_centers"": 10}",60,standard,42,21.86546660899711,4.676052460034758,3.471367469968112,0.04932618906924935,0.5101678182706251,39.16831514349625,0.8579942517765462,19.69716834934231,4.438149203141137,3.50660534879507,-0.05386656812348756,0.5207629913368894,44.86792908676874,1.276031232247521,5.442,
XGBoost,N05B,B_rich,pacf_train,1,1,1473,315,317,2014-01-03,2018-01-14,2018-01-15,2018-11-25,2018-11-26,2019-10-08,"{""colsample_bytree"": 0.8, ""learning_rate"": 0.05, ""max_depth"": 3, ""n_estimators"": 100, ""subsample"": 0.8}",12,none,42,22.548097762658838,4.748483733009816,3.513976276639908,0.019646531556492763,0.5180702327161583,39.508421515890255,0.8808568297522316,19.877701406790553,4.458441589478386,3.49944596756896,-0.06352571050941203,0.5231440568050963,44.775934775204306,1.2772689667062351,5.527,
LR+XGB (average),N05B,B_rich,pacf_train,1,1,1473,315,317,2014-01-03,2018-01-14,2018-01-15,2018-11-25,2018-11-26,2019-10-08,"{""colsample_bytree"": 0.8, ""learning_rate"": 0.1, ""max_depth"": 5, ""n_estimators"": 300, ""subsample"": 0.8}",12,none,42,22.15090438445821,4.70647473003502,3.4895315792068606,0.036915833386762076,0.5134869562070626,39.28790835567192,0.8695084244806811,20.01733841437589,4.474074028709839,3.5159006848734444,-0.07099677291579631,0.5249783339876439,45.0235344582323,1.2861219020810257,7.624,
LR-XGB (residual),N05B,B_rich,pacf_train,1,1,1473,315,317,2014-01-03,2018-01-14,2018-01-15,2018-11-25,2018-11-26,2019-10-08,"{""colsample_bytree"": 0.8, ""learning_rate"": 0.05, ""max_depth"": 3, ""n_estimators"": 100, ""subsample"": 0.8}",12,none,42,22.318606451802413,4.72425723810658,3.501918219919053,0.0296244288028108,0.5154270677485359,39.402252132106504,0.8753519513238462,19.893133880008307,4.460171956327279,3.500961943737221,-0.06435140115180316,0.5233470943721303,44.79178007004501,1.279937258995549,5.503,
Naive,N05C,A_lag1,pacf_train,1,7,1469,314,316,2014-01-09,2018-01-16,2018-01-17,2018-11-26,2018-11-27,2019-10-08,{},0,none,42,3.245222929936306,1.801450229658401,0.9968152866242038,-0.9423898790733811,2.8282768605636894,170.12558275058277,1.14360616103027,2.7626582278481013,1.662124612611251,1.1044303797468353,-1.146047749072324,2.3343616781562457,170.49054797798516,1.0397716095374023,0.0,
SeasonalNaive(s=7),N05C,A_lag1,pacf_train,1,7,1469,314,316,2014-01-09,2018-01-16,2018-01-17,2018-11-26,2018-11-27,2019-10-08,{},0,none,42,2.8853503184713376,1.6986318961067868,0.9617834394904459,-0.726992375309601,2.6668520768876554,174.4593489569741,1.0456056110833476,2.6487341772151898,1.6274932187923825,1.0727848101265822,-1.0575509346775886,2.2857238095039683,166.73606125867434,1.0011821716055178,0.0,
LR,N05C,A_lag1,pacf_train,1,7,1469,314,316,2014-01-09,2018-01-16,2018-01-17,2018-11-26,2018-11-27,2019-10-08,{},1,none,42,1.6750876542176854,1.2942517738901058,0.8495322279728027,-0.0026039431987692208,2.031975285007466,166.9933340045415,0.6374896487402409,1.3115294470067507,1.1452202613500821,0.8518890191874211,-0.018803118394875806,1.6083982337183376,158.08401182796632,0.6219326037169545,0.008,
GRNN,N05C,A_lag1,pacf_train,1,7,1469,314,316,2014-01-09,2018-01-16,2018-01-17,2018-11-26,2018-11-27,2019-10-08,"{""sigma"": 5.0}",16,standard,42,1.6766302010536496,1.2948475590020818,0.8507103389940182,-0.003527216399674682,2.0329106676332684,167.1752902968492,0.6398961713652694,1.3071063936450964,1.1432875376059586,0.8496101883466405,-0.01536726678821565,1.6056838305932573,158.27022364829043,0.6238703109650446,0.84,
P_NN,N05C,A_lag1,pacf_train,1,7,1469,314,316,2014-01-09,2018-01-16,2018-01-17,2018-11-26,2018-11-27,2019-10-08,"{""sigma"": 0.05}",16,standard,42,1.9181863646496813,1.3849860521498696,0.6902547770700638,-0.14810780686343517,2.1744281018752956,189.3400517536891,0.9048320625441281,1.6151089841772153,1.2708693812415244,0.7455759493670886,-0.2546253333333335,1.7848654420992076,186.63910365544442,0.9028549858383266,0.771,
RBFNN,N05C,A_lag1,pacf_train,1,7,1469,314,316,2014-01-09,2018-01-16,2018-01-17,2018-11-26,2018-11-27,2019-10-08,"{""alpha"": 1.0, ""gamma"": 1.0, ""n_centers"": 5}",60,standard,42,1.6850324963145644,1.298088015627047,0.8499266598536893,-0.008556311049917165,2.0379981845344637,167.19822262282102,0.6405174096535262,1.309235416178674,1.1442182554821758,0.852230930605249,-0.017021102926848997,1.6069909721438558,158.22841824481526,0.62356116641123,6.418,
XGBoost,N05C,A_lag1,pacf_train,1,7,1469,314,316,2014-01-09,2018-01-16,2018-01-17,2018-11-26,2018-11-27,2019-10-08,"{""colsample_bytree"": 0.8, ""learning_rate"": 0.05, ""max_depth"": 3, ""n_estimators"": 100, ""subsample"": 0.8}",12,none,42,1.702841166242428,1.3049295637092555,0.8490909117801934,-0.019215480227031234,2.0487394150235314,167.61966890076948,0.6465352974569292,1.3105261975321847,1.1447821616063838,0.8496733883136436,-0.018023788814782504,1.6077829469671878,158.4525885495531,0.6275932928890113,5.97,
LR+XGB (average),N05C,A_lag1,pacf_train,1,7,1469,314,316,2014-01-09,2018-01-16,2018-01-17,2018-11-26,2018-11-27,2019-10-08,"{""colsample_bytree"": 0.8, ""learning_rate"": 0.1, ""max_depth"": 3, ""n_estimators"": 100, ""subsample"": 0.8}",12,none,42,1.6870625351143385,1.298869714449582,0.8496460389678587,-0.009771366811551552,2.039225451685844,167.2497239349217,0.6412463808789195,1.3101720443239708,1.14462746967036,0.8508975583182974,-0.017748680700556463,1.6075656907370388,158.31110061149684,0.6244198558493077,5.291,
LR-XGB (residual),N05C,A_lag1,pacf_train,1,7,1469,314,316,2014-01-09,2018-01-16,2018-01-17,2018-11-26,2018-11-27,2019-10-08,"{""colsample_bytree"": 0.8, ""learning_rate"": 0.05, ""max_depth"": 3, ""n_estimators"": 100, ""subsample"": 0.8}",12,none,42,1.701696261280945,1.3044908053646622,0.8489287558232218,-0.018530210876450903,2.0480505644225198,167.5855195717442,0.6461056560051406,1.3107473565981342,1.1448787519201036,0.8498063368148049,-0.018195586365012728,1.6079186026966787,158.46051813675376,0.6276969099433299,5.832,
Naive,N05C,B_rich,pacf_train,8,7,1469,314,316,2014-01-09,2018-01-16,2018-01-17,2018-11-26,2018-11-27,2019-10-08,{},0,none,42,3.245222929936306,1.801450229658401,0.9968152866242038,-0.9423898790733811,2.8282768605636894,170.12558275058277,1.14360616103027,2.7626582278481013,1.662124612611251,1.1044303797468353,-1.146047749072324,2.3343616781562457,170.49054797798516,1.0397716095374023,0.0,
SeasonalNaive(s=7),N05C,B_rich,pacf_train,8,7,1469,314,316,2014-01-09,2018-01-16,2018-01-17,2018-11-26,2018-11-27,2019-10-08,{},0,none,42,2.8853503184713376,1.6986318961067868,0.9617834394904459,-0.726992375309601,2.6668520768876554,174.4593489569741,1.0456056110833476,2.6487341772151898,1.6274932187923825,1.0727848101265822,-1.0575509346775886,2.2857238095039683,166.73606125867434,1.0011821716055178,0.0,
LR,N05C,B_rich,pacf_train,8,7,1469,314,316,2014-01-09,2018-01-16,2018-01-17,2018-11-26,2018-11-27,2019-10-08,{},1,none,42,1.6328380334848944,1.2778255097957993,0.8435138580167302,0.02268406858896721,2.006186050379405,166.4662038517874,0.6325619685318218,1.3157798107060052,1.1470744573505267,0.8571858049201146,-0.02210482374430267,1.611002348990073,157.0940017377655,0.6141574023080745,0.011,
GRNN,N05C,B_rich,pacf_train,8,7,1469,314,316,2014-01-09,2018-01-16,2018-01-17,2018-11-26,2018-11-27,2019-10-08,"{""sigma"": 3.0}",16,standard,42,1.6678819844544555,1.2914650535165306,0.845858209882695,0.0017089253844431163,2.027600134020953,167.33440883265723,0.6422880853843361,1.3122007570206682,1.1455133159508308,0.8469173932678157,-0.01932459561915767,1.608809812624278,158.95322059756566,0.6318451703371615,2.606,
P_NN,N05C,B_rich,pacf_train,8,7,1469,314,316,2014-01-09,2018-01-16,2018-01-17,2018-11-26,2018-11-27,2019-10-08,"{""sigma"": 3.0}",16,standard,42,1.9181863646496813,1.3849860521498696,0.6902547770700638,-0.14810780686343517,2.1744281018752956,189.3400517536891,0.9048320625441281,1.6151089841772153,1.2708693812415244,0.7455759493670886,-0.2546253333333335,1.7848654420992076,186.63910365544442,0.9028549858383266,3.081,
RBFNN,N05C,B_rich,pacf_train,8,7,1469,314,316,2014-01-09,2018-01-16,2018-01-17,2018-11-26,2018-11-27,2019-10-08,"{""alpha"": 1.0, ""gamma"": 0.5, ""n_centers"": 10}",60,standard,42,1.6738166016370306,1.293760643100968,0.8507351802349492,-0.0018431696797425179,2.03120420966852,166.70403724733424,0.6343122951101671,1.3135227120152535,1.14609018493976,0.8552391768660531,-0.020351497358904957,1.6096199930709518,157.43051870493983,0.6160632974422098,14.52,
XGBoost,N05C,B_rich,pacf_train,8,7,1469,314,316,2014-01-09,2018-01-16,2018-01-17,2018-11-26,2018-11-27,2019-10-08,"{""colsample_bytree"": 0.8, ""learning_rate"": 0.05, ""max_depth"": 5, ""n_estimators"": 100, ""subsample"": 0.8}",12,none,42,1.663909800270813,1.2899262770681172,0.8327761454400933,0.0040864293410892705,2.0251842549969443,168.11172452527413,0.6612747647804266,1.3453687688798135,1.1599003271315227,0.8549156139923048,-0.04508968537004088,1.6290155705491607,158.16710874820487,0.6295910645002329,6.459,
LR+XGB (average),N05C,B_rich,pacf_train,8,7,1469,314,316,2014-01-09,2018-01-16,2018-01-17,2018-11-26,2018-11-27,2019-10-08,"{""colsample_bytree"": 0.8, ""learning_rate"": 0.05, ""max_depth"": 3, ""n_estimators"": 500, ""subsample"": 0.8}",12,none,42,1.6319897882798118,1.2774935570404304,0.8351596842550378,0.023191775744036858,2.0056648845534757,167.2244497649577,0.6461007835717003,1.3357970502238168,1.1557668667269436,0.8576208203819328,-0.037654322910293025,1.6232103550476185,157.78113224798628,0.6242825599881869,6.984,
LR-XGB (residual),N05C,B_rich,pacf_train,8,7,1469,314,316,2014-01-09,2018-01-16,2018-01-17,2018-11-26,2018-11-27,2019-10-08,"{""colsample_bytree"": 0.8, ""learning_rate"": 0.1, ""max_depth"": 5, ""n_estimators"": 100, ""subsample"": 0.8}",12,none,42,1.6421197038335154,1.281452185543228,0.8411689451717003,0.017128634359858452,2.011879931302868,168.17285953585875,0.6702855255126992,1.4270949294255526,1.1946107857480412,0.8727272986649869,-0.10857500581668966,1.677764481317249,158.93397025986246,0.6469173243162316,6.405,
Naive,R03,A_lag1,pacf_train,1,1,1473,315,317,2014-01-03,2018-01-14,2018-01-15,2018-11-25,2018-11-26,2019-10-08,{},0,none,42,93.93055555555556,9.69177772937223,6.792063492063492,-0.7667535335805216,1.395137660117561,112.86347600867599,3.275596500445437,118.7064164918472,10.895247426830068,7.588590956908518,-0.8056465862630271,1.4818642834473201,116.8205138789049,4.156248040245456,0.0,
SeasonalNaive(s=7),R03,A_lag1,pacf_train,1,1,1473,315,317,2014-01-03,2018-01-14,2018-01-15,2018-11-25,2018-11-26,2019-10-08,{},0,none,42,90.34960317460317,9.505240826754637,6.712698412698413,-0.699398877417658,1.3682855525774982,110.89724197734942,3.147523277675398,118.44248378881878,10.883128400823853,7.757097791798107,-0.8016318986133568,1.4802159728504856,117.31593920483728,2.6596602356187984,0.0,
LR,R03,A_lag1,pacf_train,1,1,1473,315,317,2014-01-03,2018-01-14,2018-01-15,2018-11-25,2018-11-26,2019-10-08,{},1,none,42,55.86248272495644,7.474120866359899,5.098668280401342,-0.05072559365971152,1.0759045232050122,89.90307176351305,1.534883973521318,68.69126047976773,8.288019092628089,5.640236283663765,-0.044864664075809024,1.1272547554680319,91.40346584251877,1.8249838135443173,0.011,
GRNN,R03,A_lag1,pacf_train,1,1,1473,315,317,2014-01-03,2018-01-14,2018-01-15,2018-11-25,2018-11-26,2019-10-08,"{""sigma"": 0.2}",16,standard,42,54.8115839873124,7.40348458412067,5.0398716157429,-0.030959085869072922,1.0657363847814514,89.36287401705451,1.546165621012413,69.71824098347476,8.349744965175569,5.679466573568756,-0.06048609293769891,1.1356501009163127,91.5329847728738,1.9257713578432105,0.897,
P_NN,R03,A_lag1,pacf_train,1,1,1473,315,317,2014-01-03,2018-01-14,2018-01-15,2018-11-25,2018-11-26,2019-10-08,"{""sigma"": 0.05}",16,standard,42,89.18342245079366,9.443697498903365,6.345473015873016,-0.6774640139177253,1.359426350807522,151.86088703855296,0.9955137938437663,105.21862899340836,10.25761322108649,6.7896682439653,-0.6004834773718588,1.3951395567496154,144.96557645528594,1.532557022706117,0.737,
RBFNN,R03,A_lag1,pacf_train,1,1,1473,315,317,2014-01-03,2018-01-14,2018-01-15,2018-11-25,2018-11-26,2019-10-08,"{""alpha"": 0.01, ""gamma"": 0.5, ""n_centers"": 40}",60,standard,42,54.89388078091623,7.409040476398832,5.044531734622548,-0.032507018275540034,1.0665361590611822,89.4987824369335,1.5347444375865575,69.38571878381286,8.329809048460406,5.682169448795829,-0.05542808855663495,1.1329386138081603,91.21122251728033,1.9447800947718148,7.706,
XGBoost,R03,A_lag1,pacf_train,1,1,1473,315,317,2014-01-03,2018-01-14,2018-01-15,2018-11-25,2018-11-26,2019-10-08,"{""colsample_bytree"": 0.8, ""learning_rate"": 0.05, ""max_depth"": 3, ""n_estimators"": 100, ""subsample"": 0.8}",12,none,42,55.429034906935684,7.445067824199836,5.09006395718408,-0.042572810365908875,1.0717223190325367,89.70085900163357,1.6289123815332394,70.40643659736021,8.39085434251842,5.703273836379986,-0.07095425546519651,1.141241393671089,91.59110417243099,1.9652206403236616,6.382,
LR+XGB (average),R03,A_lag1,pacf_train,1,1,1473,315,317,2014-01-03,2018-01-14,2018-01-15,2018-11-25,2018-11-26,2019-10-08,"{""colsample_bytree"": 0.8, ""learning_rate"": 0.1, ""max_depth"": 3, ""n_estimators"": 500, ""subsample"": 0.8}",12,none,42,55.224749456416426,7.431335644177056,5.075858770156337,-0.03873037550081837,1.0697455628542318,89.51476638151661,1.6110947614839544,69.26063836450545,8.322297661373657,5.667343552006848,-0.05352548683715441,1.1319169888916312,91.39473804158914,1.9022858902989472,8.329,
LR-XGB (residual),R03,A_lag1,pacf_train,1,1,1473,315,317,2014-01-03,2018-01-14,2018-01-15,2018-11-25,2018-11-26,2019-10-08,"{""colsample_bytree"": 0.8, ""learning_rate"": 0.05, ""max_depth"": 3, ""n_estimators"": 100, ""subsample"": 0.8}",12,none,42,55.43221215249403,7.445281200364029,5.0996326770201525,-0.042632571641503025,1.071753034669105,89.79618600545632,1.64275653844751,70.5873331035046,8.401626812915735,5.716989898731606,-0.07370587722617317,1.14270655903181,91.76611491024876,1.9813444919931829,6.581,
Naive,R03,B_rich,pacf_train,1,1,1473,315,317,2014-01-03,2018-01-14,2018-01-15,2018-11-25,2018-11-26,2019-10-08,{},0,none,42,93.93055555555556,9.69177772937223,6.792063492063492,-0.7667535335805216,1.395137660117561,112.86347600867599,3.275596500445437,118.7064164918472,10.895247426830068,7.588590956908518,-0.8056465862630271,1.4818642834473201,116.8205138789049,4.156248040245456,0.0,
SeasonalNaive(s=7),R03,B_rich,pacf_train,1,1,1473,315,317,2014-01-03,2018-01-14,2018-01-15,2018-11-25,2018-11-26,2019-10-08,{},0,none,42,90.34960317460317,9.505240826754637,6.712698412698413,-0.699398877417658,1.3682855525774982,110.89724197734942,3.147523277675398,118.44248378881878,10.883128400823853,7.757097791798107,-0.8016318986133568,1.4802159728504856,117.31593920483728,2.6596602356187984,0.0,
LR,R03,B_rich,pacf_train,1,1,1473,315,317,2014-01-03,2018-01-14,2018-01-15,2018-11-25,2018-11-26,2019-10-08,{},1,none,42,55.86248272495644,7.474120866359899,5.098668280401342,-0.05072559365971152,1.0759045232050122,89.90307176351305,1.534883973521318,68.69126047976773,8.288019092628089,5.640236283663765,-0.044864664075809024,1.1272547554680319,91.40346584251877,1.8249838135443173,0.011,
GRNN,R03,B_rich,pacf_train,1,1,1473,315,317,2014-01-03,2018-01-14,2018-01-15,2018-11-25,2018-11-26,2019-10-08,"{""sigma"": 0.2}",16,standard,42,54.8115839873124,7.40348458412067,5.0398716157429,-0.030959085869072922,1.0657363847814514,89.36287401705451,1.546165621012413,69.71824098347476,8.349744965175569,5.679466573568756,-0.06048609293769891,1.1356501009163127,91.5329847728738,1.9257713578432105,0.724,
P_NN,R03,B_rich,pacf_train,1,1,1473,315,317,2014-01-03,2018-01-14,2018-01-15,2018-11-25,2018-11-26,2019-10-08,"{""sigma"": 0.05}",16,standard,42,89.18342245079366,9.443697498903365,6.345473015873016,-0.6774640139177253,1.359426350807522,151.86088703855296,0.9955137938437663,105.21862899340836,10.25761322108649,6.7896682439653,-0.6004834773718588,1.3951395567496154,144.96557645528594,1.532557022706117,0.82,
RBFNN,R03,B_rich,pacf_train,1,1,1473,315,317,2014-01-03,2018-01-14,2018-01-15,2018-11-25,2018-11-26,2019-10-08,"{""alpha"": 0.01, ""gamma"": 0.5, ""n_centers"": 40}",60,standard,42,54.893880780916206,7.409040476398831,5.044531734622547,-0.03250701827553959,1.066536159061182,89.4987824369335,1.5347444375865562,69.38571878381312,8.329809048460422,5.682169448795867,-0.055428088556638944,1.1329386138081625,91.21122251728062,1.9447800947718503,6.532,
XGBoost,R03,B_rich,pacf_train,1,1,1473,315,317,2014-01-03,2018-01-14,2018-01-15,2018-11-25,2018-11-26,2019-10-08,"{""colsample_bytree"": 0.8, ""learning_rate"": 0.05, ""max_depth"": 3, ""n_estimators"": 100, ""subsample"": 0.8}",12,none,42,55.429034906935684,7.445067824199836,5.09006395718408,-0.042572810365908875,1.0717223190325367,89.70085900163357,1.6289123815332394,70.40643659736021,8.39085434251842,5.703273836379986,-0.07095425546519651,1.141241393671089,91.59110417243099,1.9652206403236616,7.913,
LR+XGB (average),R03,B_rich,pacf_train,1,1,1473,315,317,2014-01-03,2018-01-14,2018-01-15,2018-11-25,2018-11-26,2019-10-08,"{""colsample_bytree"": 0.8, ""learning_rate"": 0.1, ""max_depth"": 3, ""n_estimators"": 500, ""subsample"": 0.8}",12,none,42,55.224749456416426,7.431335644177056,5.075858770156337,-0.03873037550081837,1.0697455628542318,89.51476638151661,1.6110947614839544,69.26063836450545,8.322297661373657,5.667343552006848,-0.05352548683715441,1.1319169888916312,91.39473804158914,1.9022858902989472,9.043,
LR-XGB (residual),R03,B_rich,pacf_train,1,1,1473,315,317,2014-01-03,2018-01-14,2018-01-15,2018-11-25,2018-11-26,2019-10-08,"{""colsample_bytree"": 0.8, ""learning_rate"": 0.05, ""max_depth"": 3, ""n_estimators"": 100, ""subsample"": 0.8}",12,none,42,55.43221215249403,7.445281200364029,5.0996326770201525,-0.042632571641503025,1.071753034669105,89.79618600545632,1.64275653844751,70.5873331035046,8.401626812915735,5.716989898731606,-0.07370587722617317,1.14270655903181,91.76611491024876,1.9813444919931829,7.333,
Naive,R06,A_lag1,pacf_train,1,1,1473,315,317,2014-01-03,2018-01-14,2018-01-15,2018-11-25,2018-11-26,2019-10-08,{},0,none,42,9.688604444444444,3.112652316665715,2.3900952380952383,-0.26101835096991954,0.8855540821438769,82.50612949788051,1.5085810249979021,9.05630599369085,3.0093697004008746,2.3206940063091483,-0.2716879959630176,0.8359580036515833,78.61483989833405,1.431620528497761,0.0,
SeasonalNaive(s=7),R06,A_lag1,pacf_train,1,1,1473,315,317,2014-01-03,2018-01-14,2018-01-15,2018-11-25,2018-11-26,2019-10-08,{},0,none,42,9.546223492063493,3.089696343018759,2.336063492063492,-0.24248678692367487,0.8790230744679456,83.76773845957486,1.4661327819832108,10.220126498422713,3.1968932572769324,2.403753943217666,-0.43511186507192323,0.8880492499424167,79.71016355745981,1.3420733814878152,0.0,
LR,R06,A_lag1,pacf_train,1,1,1473,315,317,2014-01-03,2018-01-14,2018-01-15,2018-11-25,2018-11-26,2019-10-08,{},1,none,42,7.041915450053448,2.65366076393601,1.9937033643500504,0.0834609195354361,0.7549703221096851,67.28898489770721,1.5434353427329148,6.482149897726687,2.5460066570468127,1.8974653696979378,0.08977543175830482,0.7072426634803226,62.52055378314043,0.9984928028599571,0.01,
GRNN,R06,A_lag1,pacf_train,1,1,1473,315,317,2014-01-03,2018-01-14,2018-01-15,2018-11-25,2018-11-26,2019-10-08,"{""sigma"": 0.2}",16,standard,42,7.0569356508932675,2.656489347031768,1.9958017668262236,0.08150596833447887,0.755775058087976,67.18896071312372,1.533726476311011,6.5261035495688,2.5546239546298786,1.9017828349771917,0.08360345264614877,0.7096364201807545,62.55475181108271,0.994201237747331,0.865,
P_NN,R06,A_lag1,pacf_train,1,1,1473,315,317,2014-01-03,2018-01-14,2018-01-15,2018-11-25,2018-11-26,2019-10-08,"{""sigma"": 0.1}",16,standard,42,9.351272757936506,3.0579850813789964,2.2312619047619044,-0.21711301357181156,0.8700011747059104,81.63469107945983,0.9488915092416039,10.153654672712932,3.186479981533374,2.3615220820189275,-0.4257778802348644,0.8851565973045906,87.19594606296027,0.7031491014346236,0.878,
RBFNN,R06,A_lag1,pacf_train,1,1,1473,315,317,2014-01-03,2018-01-14,2018-01-15,2018-11-25,2018-11-26,2019-10-08,"{""alpha"": 0.01, ""gamma"": 1.0, ""n_centers"": 5}",60,standard,42,7.016956106895093,2.648953775907593,1.9943339856190974,0.08670949779366899,0.7536311772135946,67.1854710727523,1.480710615812839,6.508746359867755,2.551224482453035,1.8962515307837269,0.08604075211481188,0.7086920975293883,62.27101200095444,0.9937800612202647,6.06,
XGBoost,R06,A_lag1,pacf_train,1,1,1473,315,317,2014-01-03,2018-01-14,2018-01-15,2018-11-25,2018-11-26,2019-10-08,"{""colsample_bytree"": 0.8, ""learning_rate"": 0.05, ""max_depth"": 3, ""n_estimators"": 100, ""subsample"": 0.8}",12,none,42,7.228240714349805,2.688538769359632,2.0255604949224564,0.059209792464007927,0.7648931650544474,67.98405114229779,1.5384278643908864,6.4934038579783815,2.5482158185637225,1.9005164637700989,0.08819514878541335,0.7078563355895267,62.66185108888153,1.0122770332847484,9.969,
LR+XGB (average),R06,A_lag1,pacf_train,1,1,1473,315,317,2014-01-03,2018-01-14,2018-01-15,2018-11-25,2018-11-26,2019-10-08,"{""colsample_bytree"": 0.8, ""learning_rate"": 0.05, ""max_depth"": 3, ""n_estimators"": 100, ""subsample"": 0.8}",12,none,42,7.111015084246606,2.6666486615687877,2.008531106568605,0.07446727062939096,0.7586653977548485,67.62266792520137,1.5386968303325046,6.468803745134446,2.5433843093670383,1.896279799039413,0.09164950072811073,0.7065142144197194,62.50160524837898,1.0040025781133544,9.763,
LR-XGB (residual),R06,A_lag1,pacf_train,1,1,1473,315,317,2014-01-03,2018-01-14,2018-01-15,2018-11-25,2018-11-26,2019-10-08,"{""colsample_bytree"": 0.8, ""learning_rate"": 0.05, ""max_depth"": 3, ""n_estimators"": 100, ""subsample"": 0.8}",12,none,42,7.276050515424541,2.6974155251693315,2.0329130599651872,0.05298711747947649,0.7674186149099887,68.13065585253656,1.5452658412131282,6.4827238175658985,2.546119364359397,1.9025153338894756,0.08969484183889631,0.7072739718901907,62.71719457330026,1.0084620575633103,5.962,
Naive,R06,B_rich,pacf_train,1,1,1473,315,317,2014-01-03,2018-01-14,2018-01-15,2018-11-25,2018-11-26,2019-10-08,{},0,none,42,9.688604444444444,3.112652316665715,2.3900952380952383,-0.26101835096991954,0.8855540821438769,82.50612949788051,1.5085810249979021,9.05630599369085,3.0093697004008746,2.3206940063091483,-0.2716879959630176,0.8359580036515833,78.61483989833405,1.431620528497761,0.0,
SeasonalNaive(s=7),R06,B_rich,pacf_train,1,1,1473,315,317,2014-01-03,2018-01-14,2018-01-15,2018-11-25,2018-11-26,2019-10-08,{},0,none,42,9.546223492063493,3.089696343018759,2.336063492063492,-0.24248678692367487,0.8790230744679456,83.76773845957486,1.4661327819832108,10.220126498422713,3.1968932572769324,2.403753943217666,-0.43511186507192323,0.8880492499424167,79.71016355745981,1.3420733814878152,0.0,
LR,R06,B_rich,pacf_train,1,1,1473,315,317,2014-01-03,2018-01-14,2018-01-15,2018-11-25,2018-11-26,2019-10-08,{},1,none,42,7.041915450053448,2.65366076393601,1.9937033643500504,0.0834609195354361,0.7549703221096851,67.28898489770721,1.5434353427329148,6.482149897726687,2.5460066570468127,1.8974653696979378,0.08977543175830482,0.7072426634803226,62.52055378314043,0.9984928028599571,0.008,
GRNN,R06,B_rich,pacf_train,1,1,1473,315,317,2014-01-03,2018-01-14,2018-01-15,2018-11-25,2018-11-26,2019-10-08,"{""sigma"": 0.2}",16,standard,42,7.0569356508932675,2.656489347031768,1.9958017668262236,0.08150596833447887,0.755775058087976,67.18896071312372,1.533726476311011,6.5261035495688,2.5546239546298786,1.9017828349771917,0.08360345264614877,0.7096364201807545,62.55475181108271,0.994201237747331,0.87,
P_NN,R06,B_rich,pacf_train,1,1,1473,315,317,2014-01-03,2018-01-14,2018-01-15,2018-11-25,2018-11-26,2019-10-08,"{""sigma"": 0.1}",16,standard,42,9.351272757936506,3.0579850813789964,2.2312619047619044,-0.21711301357181156,0.8700011747059104,81.63469107945983,0.9488915092416039,10.153654672712932,3.186479981533374,2.3615220820189275,-0.4257778802348644,0.8851565973045906,87.19594606296027,0.7031491014346236,0.751,
RBFNN,R06,B_rich,pacf_train,1,1,1473,315,317,2014-01-03,2018-01-14,2018-01-15,2018-11-25,2018-11-26,2019-10-08,"{""alpha"": 0.01, ""gamma"": 1.0, ""n_centers"": 5}",60,standard,42,7.016956106895093,2.648953775907593,1.9943339856190974,0.08670949779366899,0.7536311772135946,67.1854710727523,1.480710615812839,6.508746359867755,2.551224482453035,1.8962515307837269,0.08604075211481188,0.7086920975293883,62.27101200095444,0.9937800612202647,5.406,
XGBoost,R06,B_rich,pacf_train,1,1,1473,315,317,2014-01-03,2018-01-14,2018-01-15,2018-11-25,2018-11-26,2019-10-08,"{""colsample_bytree"": 0.8, ""learning_rate"": 0.05, ""max_depth"": 3, ""n_estimators"": 100, ""subsample"": 0.8}",12,none,42,7.228240714349805,2.688538769359632,2.0255604949224564,0.059209792464007927,0.7648931650544474,67.98405114229779,1.5384278643908864,6.4934038579783815,2.5482158185637225,1.9005164637700989,0.08819514878541335,0.7078563355895267,62.66185108888153,1.0122770332847484,5.45,
LR+XGB (average),R06,B_rich,pacf_train,1,1,1473,315,317,2014-01-03,2018-01-14,2018-01-15,2018-11-25,2018-11-26,2019-10-08,"{""colsample_bytree"": 0.8, ""learning_rate"": 0.05, ""max_depth"": 3, ""n_estimators"": 100, ""subsample"": 0.8}",12,none,42,7.111015084246606,2.6666486615687877,2.008531106568605,0.07446727062939096,0.7586653977548485,67.62266792520137,1.5386968303325046,6.468803745134446,2.5433843093670383,1.896279799039413,0.09164950072811073,0.7065142144197194,62.50160524837898,1.0040025781133544,5.231,
LR-XGB (residual),R06,B_rich,pacf_train,1,1,1473,315,317,2014-01-03,2018-01-14,2018-01-15,2018-11-25,2018-11-26,2019-10-08,"{""colsample_bytree"": 0.8, ""learning_rate"": 0.05, ""max_depth"": 3, ""n_estimators"": 100, ""subsample"": 0.8}",12,none,42,7.276050515424541,2.6974155251693315,2.0329130599651872,0.05298711747947649,0.7674186149099887,68.13065585253656,1.5452658412131282,6.4827238175658985,2.546119364359397,1.9025153338894756,0.08969484183889631,0.7072739718901907,62.71719457330026,1.0084620575633103,5.734,
"ARIMA(5,1,0)",M01AB,A_lag1,pacf_train,1,1,1473,315,317,2014-01-03,2018-01-14,2018-01-15,2018-11-25,2018-11-26,2019-10-08,"{""order"": [5, 1, 0]}",1,none,42,7.2305944628138175,2.688976471227262,2.15702198286205,0.0005760804026082589,0.5447998639244814,47.20013691355038,1.3444854133898805,8.959264763684695,2.9932030942929173,2.4085440252821964,-0.06924813341313363,0.5625654442506136,48.19159540128816,2.320959908605792,1.39,univariat; tidak memakai fitur
"ARIMA(5,1,0)",M01AE,A_lag1,pacf_train,1,21,1459,312,314,2014-01-23,2018-01-20,2018-01-21,2018-11-28,2018-11-29,2019-10-08,"{""order"": [5, 1, 0]}",1,none,42,5.289339470753609,2.2998564022028876,1.711272027962508,-0.3223575393606166,0.5952088317113661,48.64662739364955,5.720734424104582,5.925083143726702,2.4341493675875157,1.9038915717790266,-0.06873541055247445,0.6343613015698624,52.43864209568697,4.55483407470335,0.531,univariat; tidak memakai fitur
"ARIMA(5,1,0)",N02BA,A_lag1,pacf_train,1,1,1473,315,317,2014-01-03,2018-01-14,2018-01-15,2018-11-25,2018-11-26,2019-10-08,"{""order"": [5, 1, 0]}",1,none,42,4.3166748085936355,2.0776608983647056,1.635516580749532,0.0009916498405243557,0.6594087485993776,58.17592624763608,2.5572551755215307,4.14414484035743,2.035717279083083,1.642474984661537,-0.0730861902928488,0.6642194199674101,57.34191908520108,3.8343606150785345,0.587,univariat; tidak memakai fitur
"ARIMA(5,1,0)",N02BE,A_lag1,pacf_train,1,1,1473,315,317,2014-01-03,2018-01-14,2018-01-15,2018-11-25,2018-11-26,2019-10-08,"{""order"": [5, 1, 0]}",1,none,42,239.81490887208972,15.485958442152999,13.323594541298561,-0.2985203521706403,0.5198263979068947,43.99340306681487,0.9912070074176763,299.48664164260833,17.30568235125701,12.440880212176657,-0.07950927069531155,0.5871267213015217,44.05899619385409,0.5792619266616157,1.032,univariat; tidak memakai fitur
"ARIMA(5,1,0)",N05B,A_lag1,pacf_train,1,1,1473,315,317,2014-01-03,2018-01-14,2018-01-15,2018-11-25,2018-11-26,2019-10-08,"{""order"": [5, 1, 0]}",1,none,42,30.74642902971029,5.544946260308596,3.882507094484704,-0.3368031600185095,0.6049660820162123,45.01607086671276,0.6199963378793709,18.71165430467968,4.325696973284153,3.458244975748586,-0.0011381613969043691,0.5075680857754946,44.885372009923294,1.2490507316804662,0.797,univariat; tidak memakai fitur
"ARIMA(5,1,0)",N05C,A_lag1,pacf_train,1,7,1469,314,316,2014-01-09,2018-01-16,2018-01-17,2018-11-26,2018-11-27,2019-10-08,"{""order"": [5, 1, 0]}",1,none,42,2.0764331210191083,1.4409833867949722,0.6369426751592356,-0.2428245349910152,2.2623439172681064,200.0,1.0,1.2889171259488292,1.1353048603563842,0.8740249132915582,-0.0012377459508685629,1.5944726038782995,153.42059886249672,0.5672230731613157,0.59,univariat; tidak memakai fitur
"ARIMA(5,1,0)",R03,A_lag1,pacf_train,1,1,1473,315,317,2014-01-03,2018-01-14,2018-01-15,2018-11-25,2018-11-26,2019-10-08,"{""order"": [5, 1, 0]}",1,none,42,53.165135001456356,7.2914425871329716,5.428133004948447,9.213492265125467e-06,1.0496078669927504,88.3203659822542,2.2180794207669936,73.19038461772016,8.555137907580459,7.087163763774723,-0.11330096584409066,1.1635856267009266,95.65515901721882,3.6120182193663934,0.738,univariat; tidak memakai fitur
"ARIMA(5,1,0)",R06,A_lag1,pacf_train,1,1,1473,315,317,2014-01-03,2018-01-14,2018-01-15,2018-11-25,2018-11-26,2019-10-08,"{""order"": [5, 1, 0]}",1,none,42,15.248445827625437,3.9049258415014028,2.901632954871753,-0.9846583811595548,1.1109570448635677,120.05154137464655,0.8248490955956206,10.671519547224143,3.266729181800068,2.3745108402353554,-0.4984965521641913,0.9074486278386408,82.87764853534507,0.6677313436010295,0.525,univariat; tidak memakai fitur
