model,category,feature_set,lag_rule,n_features,n_lags,n_train,n_val,n_test,train_start,train_end,val_start,val_end,test_start,test_end,params,n_grid,scaler,seed,val_MSE,val_RMSE,val_MAE,val_R2,val_nRMSE,val_SMAPE,val_RMSPE,test_MSE,test_RMSE,test_MAE,test_R2,test_nRMSE,test_SMAPE,test_RMSPE,runtime_s,orig_MSE,orig_RMSE,orig_MAE,orig_R2,orig_nRMSE,orig_SMAPE,orig_RMSPE
SeasonalNaive(store x dow x promo median),rossmann,V0_customers_contemporaneous,n/a,16,0,589839,119588,129333,2013-01-08,2014-10-23,2014-10-24,2015-03-12,2015-03-13,2015-07-31,{},0,none,42,0.04249867156016976,0.20615205931585975,0.14235140636916543,0.7623307906666678,0.023414625282067468,1.6243560511013106,0.02350881555436937,0.027157076581401977,0.16479404291843192,0.1211029477207522,0.8420785777533428,0.018725960763512208,1.3833889587999044,0.018668301172550698,0.0,1624685.9495689592,1274.631691732541,850.470064322646,0.8335364024980008,0.17642484346513557,12.038068961938212,0.15704658120209283
LR,rossmann,V0_customers_contemporaneous,n/a,16,0,589839,119588,129333,2013-01-08,2014-10-23,2014-10-24,2015-03-12,2015-03-13,2015-07-31,{},1,none,42,0.046735210149717196,0.21618327907060064,0.16492017691170477,0.7386384082950841,0.024553965109468653,1.8768142791614566,0.02489731615762205,0.04653628668261375,0.21572270785110628,0.1648384298827665,0.7293863145774162,0.024513112801158178,1.875840458623015,0.024654517411979958,4.346,9878738.442538068,3143.046045246246,1295.4890297080206,-0.012165052798337905,0.43503657576767424,16.330272137998534,0.2453722222826944
XGBoost,rossmann,V0_customers_contemporaneous,n/a,16,0,589839,119588,129333,2013-01-08,2014-10-23,2014-10-24,2015-03-12,2015-03-13,2015-07-31,"{""colsample_bytree"": 0.8, ""learning_rate"": 0.1, ""max_bin"": 256, ""max_depth"": 9, ""n_estimators"": 900, ""subsample"": 0.8}",12,none,42,0.008265425405432533,0.09091438503027192,0.06762434887578192,0.9537765052695464,0.010326000454702484,0.7717966061053617,0.010690467924536318,0.007564932810248255,0.08697662220532743,0.06474866112268454,0.9560090739143495,0.00988337191026956,0.7394837913816967,0.009939451625747973,626.03,457573.50188776804,676.4417949001732,459.21015568477435,0.9531175047915974,0.0936279386057977,6.464625165876003,0.08454118399750249
LR+XGB (average),rossmann,V0_customers_contemporaneous,n/a,16,0,589839,119588,129333,2013-01-08,2014-10-23,2014-10-24,2015-03-12,2015-03-13,2015-07-31,"{""colsample_bytree"": 0.8, ""learning_rate"": 0.2, ""max_bin"": 256, ""max_depth"": 9, ""n_estimators"": 900, ""subsample"": 0.8}",12,none,42,0.01791154853011064,0.13383403352701673,0.10336386439181339,0.8998316083583955,0.0152007879786514,1.1761168460769789,0.015506101858480581,0.017563289688760985,0.13252656220079423,0.10250806118752814,0.8978675160904969,0.01505932593160296,1.1661181630794946,0.015111273245355867,559.944,1871154.3613457843,1367.9014443101462,779.1527487590986,0.8082835106970596,0.189334534637312,10.217472351253786,0.13418871467853719
LR-XGB (residual),rossmann,V0_customers_contemporaneous,n/a,16,0,589839,119588,129333,2013-01-08,2014-10-23,2014-10-24,2015-03-12,2015-03-13,2015-07-31,"{""colsample_bytree"": 0.8, ""learning_rate"": 0.1, ""max_bin"": 256, ""max_depth"": 9, ""n_estimators"": 900, ""subsample"": 0.8}",12,none,42,0.00812328259414412,0.09012925492948513,0.06684324137197749,0.9545714235183087,0.010236825856259943,0.7623774408178848,0.01054893774471946,0.007586083521338365,0.08709812581989561,0.06464773345232094,0.9558860801757979,0.009897178670991819,0.7378613765514147,0.009926612308330062,517.645,508745.24690879544,713.2637989613628,462.76742758418015,0.9478745021245804,0.0987245609043833,6.454344069022374,0.0846271797936395
SeasonalNaive(store x dow x promo median),rossmann,V1_customers_dropped,n/a,15,0,589839,119588,129333,2013-01-08,2014-10-23,2014-10-24,2015-03-12,2015-03-13,2015-07-31,{},0,none,42,0.04249867156016976,0.20615205931585975,0.14235140636916543,0.7623307906666678,0.023414625282067468,1.6243560511013106,0.02350881555436937,0.027157076581401977,0.16479404291843192,0.1211029477207522,0.8420785777533428,0.018725960763512208,1.3833889587999044,0.018668301172550698,0.0,1624685.9495689592,1274.631691732541,850.470064322646,0.8335364024980008,0.17642484346513557,12.038068961938212,0.15704658120209283
LR,rossmann,V1_customers_dropped,n/a,15,0,589839,119588,129333,2013-01-08,2014-10-23,2014-10-24,2015-03-12,2015-03-13,2015-07-31,{},1,none,42,0.1451223859374355,0.3809493220067933,0.2954060820204285,0.1884188033151969,0.04326799186895391,3.3641325845949686,0.043617081858986405,0.1317175115148759,0.36292907229219856,0.2810540992330365,0.23404801356767424,0.04124054151062674,3.2028719585993444,0.041561406008960244,3.376,8104251.440691093,2846.796698166396,1979.6237807164437,0.16964700147981504,0.39403198987496896,27.459402673308013,0.40583795751003865
XGBoost,rossmann,V1_customers_dropped,n/a,15,0,589839,119588,129333,2013-01-08,2014-10-23,2014-10-24,2015-03-12,2015-03-13,2015-07-31,"{""colsample_bytree"": 0.8, ""learning_rate"": 0.1, ""max_bin"": 256, ""max_depth"": 9, ""n_estimators"": 600, ""subsample"": 0.8}",12,none,42,0.05855658967757215,0.24198468893211436,0.1724902690183529,0.6725286259778482,0.027484473519917053,1.9658506598237904,0.02766254428705526,0.044984613602562784,0.21209576516885664,0.15244083834620925,0.7384094662015976,0.02410097419980757,1.73889846751542,0.024070550991612885,427.9,2745170.946042967,1656.8557408667077,1081.079984615483,0.7187326993518246,0.22932939501088156,15.084180931611101,0.21180057329561497
LR+XGB (average),rossmann,V1_customers_dropped,n/a,15,0,589839,119588,129333,2013-01-08,2014-10-23,2014-10-24,2015-03-12,2015-03-13,2015-07-31,"{""colsample_bytree"": 0.8, ""learning_rate"": 0.2, ""max_bin"": 256, ""max_depth"": 9, ""n_estimators"": 900, ""subsample"": 0.8}",12,none,42,0.07756498344306594,0.27850490739494327,0.21119007172662652,0.5662262463718091,0.03163241767999072,2.4031052913003554,0.03179931339830891,0.06367692314736674,0.2523428682316319,0.19236653536499326,0.629711606196601,0.02867435354927594,2.19032095502155,0.028719505210121617,463.362,4421976.256669009,2102.8495563565666,1394.4962799774953,0.5469290074498157,0.2910604735605333,19.004026925836072,0.2563467084031857
LR-XGB (residual),rossmann,V1_customers_dropped,n/a,15,0,589839,119588,129333,2013-01-08,2014-10-23,2014-10-24,2015-03-12,2015-03-13,2015-07-31,"{""colsample_bytree"": 0.8, ""learning_rate"": 0.1, ""max_bin"": 256, ""max_depth"": 9, ""n_estimators"": 600, ""subsample"": 0.8}",12,none,42,0.05852491834918986,0.24191923931177914,0.1724396489470515,0.6727057444452925,0.02747703979191992,1.9654802210744566,0.027668158606062462,0.04514049718026058,0.21246293130864163,0.1525030179984466,0.737502985851213,0.024142696209933305,1.7394033529784685,0.024090101264676665,376.525,2761295.2795292893,1661.714560184537,1081.7771860347652,0.7170806172616414,0.23000191589917696,15.0891625010985,0.21149626420584358
SeasonalNaive(store x dow x promo median),rossmann,V2_customers_lagged,n/a,17,0,589839,119588,129333,2013-01-08,2014-10-23,2014-10-24,2015-03-12,2015-03-13,2015-07-31,{},0,none,42,0.04249867156016976,0.20615205931585975,0.14235140636916543,0.7623307906666678,0.023414625282067468,1.6243560511013106,0.02350881555436937,0.027157076581401977,0.16479404291843192,0.1211029477207522,0.8420785777533428,0.018725960763512208,1.3833889587999044,0.018668301172550698,0.0,1624685.9495689592,1274.631691732541,850.470064322646,0.8335364024980008,0.17642484346513557,12.038068961938212,0.15704658120209283
LR,rossmann,V2_customers_lagged,n/a,17,0,589839,119588,129333,2013-01-08,2014-10-23,2014-10-24,2015-03-12,2015-03-13,2015-07-31,{},1,none,42,0.07958532341445253,0.2821087085051657,0.21589682423507944,0.5549277143011266,0.032041735214178774,2.462152550922638,0.03261918834800178,0.07601001674110364,0.27569914171267135,0.2123551497419916,0.5579932945739913,0.03132838553394113,2.4222195132643445,0.03166518363054394,3.403,6346186.478704395,2519.1638451487024,1542.6011187893334,0.3497764709887773,0.3486835373120845,20.936957079629565,0.3035457108816388
XGBoost,rossmann,V2_customers_lagged,n/a,17,0,589839,119588,129333,2013-01-08,2014-10-23,2014-10-24,2015-03-12,2015-03-13,2015-07-31,"{""colsample_bytree"": 0.8, ""learning_rate"": 0.1, ""max_bin"": 256, ""max_depth"": 9, ""n_estimators"": 900, ""subsample"": 0.8}",12,none,42,0.035876130445544364,0.18940995339618338,0.12981610269967434,0.7993666332638196,0.02151306709320999,1.480527608681627,0.021867440695918908,0.02009744491037394,0.14176545739486027,0.10707030326304232,0.8831311214866322,0.016109164784017763,1.2216551569669547,0.016114841117607435,361.839,1235296.908208686,1111.4391158352696,761.0996085495674,0.8734327902705933,0.15383696584990544,10.663930093011718,0.1374647352500943
LR+XGB (average),rossmann,V2_customers_lagged,n/a,17,0,589839,119588,129333,2013-01-08,2014-10-23,2014-10-24,2015-03-12,2015-03-13,2015-07-31,"{""colsample_bytree"": 0.8, ""learning_rate"": 0.2, ""max_bin"": 256, ""max_depth"": 9, ""n_estimators"": 900, ""subsample"": 0.8}",12,none,42,0.04453200699044337,0.2110260813038127,0.15564061024112683,0.7509595829022468,0.02396821372956204,1.7747417798241036,0.02439348335415441,0.03422981047956674,0.18501300083931058,0.1428433266273611,0.8009498431112925,0.021023491705773778,1.6277339210920554,0.02112138054227488,368.068,2436840.352868556,1561.0382291502524,1041.0907865123693,0.7503239245811404,0.21606706235789624,14.193995711280849,0.18535280990897482
LR-XGB (residual),rossmann,V2_customers_lagged,n/a,17,0,589839,119588,129333,2013-01-08,2014-10-23,2014-10-24,2015-03-12,2015-03-13,2015-07-31,"{""colsample_bytree"": 0.8, ""learning_rate"": 0.1, ""max_bin"": 256, ""max_depth"": 9, ""n_estimators"": 900, ""subsample"": 0.8}",12,none,42,0.036800189116039966,0.19183375384962878,0.13098594436068411,0.7941989354151149,0.02178836087181336,1.4932053008057802,0.022131482699556993,0.02036552695220749,0.14270783773923382,0.10766935098056027,0.8815721945823227,0.01621624982811598,1.2274433947032213,0.016200058464123226,376.95,1323224.2581400587,1150.3148517427994,773.3876227518116,0.8644238473470229,0.1592178501214673,10.722709265938171,0.1388295896303685
SeasonalNaive(store x dow x promo median),rossmann,V3_sales_lagged,n/a,17,0,589839,119588,129333,2013-01-08,2014-10-23,2014-10-24,2015-03-12,2015-03-13,2015-07-31,{},0,none,42,0.04249867156016976,0.20615205931585975,0.14235140636916543,0.7623307906666678,0.023414625282067468,1.6243560511013106,0.02350881555436937,0.027157076581401977,0.16479404291843192,0.1211029477207522,0.8420785777533428,0.018725960763512208,1.3833889587999044,0.018668301172550698,0.0,1624685.9495689592,1274.631691732541,850.470064322646,0.8335364024980008,0.17642484346513557,12.038068961938212,0.15704658120209283
LR,rossmann,V3_sales_lagged,n/a,17,0,589839,119588,129333,2013-01-08,2014-10-23,2014-10-24,2015-03-12,2015-03-13,2015-07-31,{},1,none,42,0.06304169555772242,0.2510810537609766,0.1886270441556186,0.6474461580046461,0.02851763309447388,2.154476105495368,0.02934154412774771,0.06000022291396567,0.24494942929912222,0.18629826637518573,0.6510920271816398,0.02783421852433376,2.1289445797210678,0.02834143756767219,3.514,4198644.535826647,2049.0594271095815,1325.6565675388879,0.5698113384612922,0.2836152521731146,18.41125240485756,0.27533532749142425
XGBoost,rossmann,V3_sales_lagged,n/a,17,0,589839,119588,129333,2013-01-08,2014-10-23,2014-10-24,2015-03-12,2015-03-13,2015-07-31,"{""colsample_bytree"": 0.8, ""learning_rate"": 0.1, ""max_bin"": 256, ""max_depth"": 9, ""n_estimators"": 900, ""subsample"": 0.8}",12,none,42,0.03417683063849498,0.18486976669670727,0.12123672022821351,0.8088697830502761,0.02099739545436412,1.3831941557922345,0.021465644949825297,0.017265880186106728,0.13139969629381465,0.09797454429583612,0.8995969854429159,0.014931277329929393,1.1187093921815092,0.015049462186499855,5779.184,1035980.037231697,1017.8310455236159,695.0580588511715,0.8938545852608645,0.1408804473050392,9.760824947848738,0.13263043467160746
LR+XGB (average),rossmann,V3_sales_lagged,n/a,17,0,589839,119588,129333,2013-01-08,2014-10-23,2014-10-24,2015-03-12,2015-03-13,2015-07-31,"{""colsample_bytree"": 0.8, ""learning_rate"": 0.2, ""max_bin"": 256, ""max_depth"": 9, ""n_estimators"": 900, ""subsample"": 0.8}",12,none,42,0.03786668425671705,0.19459363878790348,0.1393602205380746,0.7882346770621522,0.022101826921416642,1.5916194136788056,0.02276376161111112,0.027871009003866194,0.16694612605228729,0.12630690921636922,0.8379269812733019,0.018970507372180215,1.4419835366618474,0.019227184634900685,545.221,1827588.0564929787,1351.8831519376884,907.2515650135978,0.8127472680389575,0.18711740419663675,12.559700125513432,0.17399739714847146
LR-XGB (residual),rossmann,V3_sales_lagged,n/a,17,0,589839,119588,129333,2013-01-08,2014-10-23,2014-10-24,2015-03-12,2015-03-13,2015-07-31,"{""colsample_bytree"": 0.8, ""learning_rate"": 0.1, ""max_bin"": 256, ""max_depth"": 9, ""n_estimators"": 900, ""subsample"": 0.8}",12,none,42,0.03520862820300252,0.18763962322228886,0.12283121814788771,0.8030995671271414,0.021311994070777714,1.4009284945370233,0.021784034389544543,0.017480510874993884,0.1322138830645023,0.09855082550192487,0.8983488841038324,0.015023795416457642,1.1247269120606622,0.015129196090014395,491.796,1121108.9260106895,1058.824313099529,704.8383709499276,0.8851323696959067,0.1465544242366613,9.817432903748594,0.13412717020402157
