model,category,feature_set,lag_rule,n_features,n_lags,n_train,n_val,n_test,train_start,train_end,val_start,val_end,test_start,test_end,params,n_grid,scaler,seed,stage1,gate_w,stage1_val_RMSE,gate_val_gain_pct,resid_val_r2,stage1_only_test_RMSE,val_MSE,val_RMSE,val_MAE,val_R2,val_nRMSE,val_SMAPE,val_RMSPE,test_MSE,test_RMSE,test_MAE,test_R2,test_nRMSE,test_SMAPE,test_RMSPE,runtime_s,orig_MSE,orig_RMSE,orig_MAE,orig_R2,orig_nRMSE,orig_SMAPE,orig_RMSPE,scenario,kind,param,clean_orig_RMSE,group,config,resid_test_r2,cross_fit_folds_protocol,cross_fit_folds,augment_stage1,segment_scheme,n_segments,gate_w_map,gate_w_min,gate_w_max,val_oof_RMSE,shock_orig_RMSE,outside_orig_RMSE,n_affected
S1 [structural],rossmann,V3_sales_lagged,,17,0,589839,119588,129333,2013-01-08,2014-10-23,2014-10-24,2015-03-12,2015-03-13,2015-07-31,{},0,none,42,structural,0.0,0.2021597443509143,0.0,,0.1607401521589509,0.040868562236027,0.2021597443509143,0.1397229529330875,0.7714470001850613,0.0229611805809938,1.5939818702559667,0.0230960824293354,0.0258373965160826,0.1607401521589509,0.118267428702411,0.8497526641816482,0.0182653069804189,1.351007562684991,0.0182467873753168,3.252,1539178.7175824912,1240.6364163535145,830.9996999165927,0.8422973827063185,0.1717194754939793,11.759787651618328,0.1547813490109479,clean,clean,0.0,1240.6364163535145,clean,V3_sales_lagged,,5,,,,,,,,,,,
AR-LRX-Aug [structural],rossmann,V3_sales_lagged,,17,0,589839,119588,129333,2013-01-08,2014-10-23,2014-10-24,2015-03-12,2015-03-13,2015-07-31,"{""colsample_bytree"": 0.8, ""learning_rate"": 0.1, ""max_bin"": 256, ""max_depth"": 6, ""n_estimators"": 900, ""subsample"": 0.8}",88,none,42,structural,0.9000000000000002,0.2021597443509143,15.7997,0.2384941907909332,0.1607401521589509,0.0289745502549509,0.1702191242338854,0.1126621992653638,0.8379629716158691,0.0193333844105407,1.286833492685899,0.0197431012284782,0.0147622783556565,0.1215001166898884,0.0913701456853602,0.9141557086773155,0.0138063632495694,1.0427488092485413,0.013861435836648,282.305,911842.7362462436,954.9045691828286,650.5441164644368,0.9065735613261832,0.1321706421038631,9.109223831128697,0.1200229800785191,clean,clean,0.0,954.9045691828286,clean,V3_sales_lagged,0.3775739395836615,5,5.0,True,global,1.0,"{""0"": 0.9}",0.9,0.9,0.1769415445296938,,,
"LR-XGB (residual, tanpa gerbang)",rossmann,V3_sales_lagged,,17,0,589839,119588,129333,2013-01-08,2014-10-23,2014-10-24,2015-03-12,2015-03-13,2015-07-31,"{""colsample_bytree"": 0.8, ""learning_rate"": 0.1, ""max_bin"": 256, ""max_depth"": 9, ""n_estimators"": 900, ""subsample"": 0.8}",8,none,42,,,,,,,0.0355443294178819,0.188532038173574,0.1233842053043102,0.8012221945085719,0.0214133540171677,1.4072222625409545,0.0218572953591978,0.0175371831402264,0.132428030039816,0.0986873654439398,0.8980193285752528,0.0150481294748151,1.126227310574485,0.0151478324387508,311.74,1126776.5401058728,1061.4973104562596,705.9013824261966,0.8845516719728868,0.1469244002409476,9.830960439969946,0.1342290425231697,clean,clean,0.0,1061.4973104562596,clean,V3_sales_lagged,,5,5.0,,,,,,,,,,
XGBoost,rossmann,V3_sales_lagged,,17,0,589839,119588,129333,2013-01-08,2014-10-23,2014-10-24,2015-03-12,2015-03-13,2015-07-31,"{""colsample_bytree"": 0.8, ""learning_rate"": 0.1, ""max_bin"": 256, ""max_depth"": 9, ""n_estimators"": 900, ""subsample"": 0.8}",8,none,42,,,,,,,0.0341768306384949,0.1848697666967072,0.1212367202282135,0.8088697830502761,0.0209973954543641,1.3831941557922345,0.0214656449498252,0.0172658801861067,0.1313996962938146,0.0979745442958361,0.8995969854429159,0.0149312773299293,1.1187093921815092,0.0150494621864998,276.491,1035980.037231697,1017.831045523616,695.0580588511715,0.8938545852608645,0.1408804473050392,9.760824947848738,0.1326304346716074,clean,clean,0.0,1017.831045523616,clean,V3_sales_lagged,,5,,,,,,,,,,,
LightGBM (Zeng),rossmann,V3_sales_lagged,,17,0,589839,119588,129333,2013-01-08,2014-10-23,2014-10-24,2015-03-12,2015-03-13,2015-07-31,"{""colsample_bytree"": 0.8, ""learning_rate"": 0.1, ""n_estimators"": 900, ""num_leaves"": 127, ""subsample"": 0.8}",4,none,42,,,,,,,0.0341463327242448,0.1847872634253909,0.1205896922066936,0.8090403393265091,0.0209880247830798,1.3751815587841183,0.0214666103665858,0.0168626053130952,0.1298560946320782,0.0972914539534896,0.9019420737042172,0.0147558739983509,1.1104806421537898,0.014877151041407,122.654,1020076.045976939,1009.9881415031264,692.4867724273809,0.8954840913199338,0.1397948920633943,9.694290821853553,0.1317763229070632,clean,clean,0.0,1009.9881415031264,clean,V3_sales_lagged,,5,,,,,,,,,,,
S1 [structural],rossmann,V3_sales_lagged,,17,0,589839,119588,129333,2013-01-08,2014-10-23,2014-10-24,2015-03-12,2015-03-13,2015-07-31,{},0,none,42,structural,0.0,0.2067347941869575,0.0,,0.1663957918326527,0.0427392751275236,0.2067347941869575,0.1449986024179825,0.7632357012981468,0.0234807782661621,1.6539383715580576,0.0236052292558701,0.0276875595396155,0.1663957918326527,0.1239150273327921,0.8406301239230173,0.0189081478808207,1.4152129179467,0.0188835767679755,3.184,1658460.8211623053,1287.8124169157188,872.5807695921236,0.8320480536779375,0.178110936362486,12.319273444253271,0.1601855485498173,noise_a0.10_r1,noise,0.1,1241.2707750495042,noise_a0.10_r1,V3_sales_lagged,,5,,,,,,,,,,,
AR-LRX-Aug [structural],rossmann,V3_sales_lagged,,17,0,589839,119588,129333,2013-01-08,2014-10-23,2014-10-24,2015-03-12,2015-03-13,2015-07-31,"{""colsample_bytree"": 0.8, ""learning_rate"": 0.2, ""max_bin"": 256, ""max_depth"": 6, ""n_estimators"": 900, ""subsample"": 0.8}",88,none,42,structural,0.9000000000000002,0.2067347941869575,14.0619,0.2057503136434108,0.1663957918326527,0.0315644545266727,0.1776638807599135,0.1206191084050548,0.8251412566634415,0.0201789263700662,1.3770409524305165,0.0205473955167369,0.0170588352775818,0.1306094762166276,0.0996355748902093,0.9018091695544348,0.0148416210755151,1.136790930797634,0.0148908966751921,288.195,1053399.4965345252,1026.3525205963715,710.6164446008572,0.8933224750080847,0.1419497172726679,9.930387237363767,0.1287839280984734,noise_a0.10_r1,noise,0.1,969.6944128249268,noise_a0.10_r1,V3_sales_lagged,0.3287232789192817,5,5.0,True,global,1.0,"{""0"": 0.9}",0.9,0.9,0.1838559666460857,,,
"LR-XGB (residual, tanpa gerbang)",rossmann,V3_sales_lagged,,17,0,589839,119588,129333,2013-01-08,2014-10-23,2014-10-24,2015-03-12,2015-03-13,2015-07-31,"{""colsample_bytree"": 0.8, ""learning_rate"": 0.1, ""max_bin"": 256, ""max_depth"": 9, ""n_estimators"": 900, ""subsample"": 0.8}",8,none,42,,,,,,,0.037553306773565,0.1937867559292045,0.1310402421155752,0.7919645965999833,0.0220101500803854,1.4942442182262987,0.0224572128065613,0.0200534086276984,0.1416100583563839,0.1071894986312035,0.8845723747033509,0.0160916564975817,1.2229810540605386,0.0161750251368375,318.235,1287199.339123914,1134.5480770438571,767.4637507316,0.8696456186653705,0.1569137070711783,10.67513184010006,0.1422945467139046,noise_a0.10_r1,noise,0.1,1085.0215697062176,noise_a0.10_r1,V3_sales_lagged,,5,5.0,,,,,,,,,,
XGBoost,rossmann,V3_sales_lagged,,17,0,589839,119588,129333,2013-01-08,2014-10-23,2014-10-24,2015-03-12,2015-03-13,2015-07-31,"{""colsample_bytree"": 0.8, ""learning_rate"": 0.1, ""max_bin"": 256, ""max_depth"": 9, ""n_estimators"": 900, ""subsample"": 0.8}",8,none,42,,,,,,,0.0366182274008039,0.1913588968425664,0.1295168079293467,0.7971446894130167,0.0217343957203173,1.477289403153731,0.0221960648065218,0.0197756062913645,0.1406257668116499,0.1064938888108584,0.8861714077944431,0.0159798079353032,1.215627668178091,0.0160912110418353,294.995,1194098.56597807,1092.7481713451043,756.9802413995436,0.8790739125716293,0.1511325698138602,10.60664760133141,0.1415660391561226,noise_a0.10_r1,noise,0.1,1039.4600878590682,noise_a0.10_r1,V3_sales_lagged,,5,,,,,,,,,,,
LightGBM (Zeng),rossmann,V3_sales_lagged,,17,0,589839,119588,129333,2013-01-08,2014-10-23,2014-10-24,2015-03-12,2015-03-13,2015-07-31,"{""colsample_bytree"": 0.8, ""learning_rate"": 0.1, ""n_estimators"": 900, ""num_leaves"": 127, ""subsample"": 0.8}",4,none,42,,,,,,,0.0363214237871772,0.1905818033999501,0.128498304238853,0.7987889030601326,0.0216461340472404,1.464935956404359,0.0220993776600592,0.019335231933277,0.1390511845806322,0.1057219391603628,0.8887062071065843,0.0158008825349268,1.206285229008266,0.0159076188437487,130.853,1178340.225098862,1085.513806959111,754.0855625124825,0.8806697561319339,0.1501320208225228,10.531475375094487,0.1399803962204805,noise_a0.10_r1,noise,0.1,1032.017043298042,noise_a0.10_r1,V3_sales_lagged,,5,,,,,,,,,,,
S1 [structural],rossmann,V3_sales_lagged,,17,0,589839,119588,129333,2013-01-08,2014-10-23,2014-10-24,2015-03-12,2015-03-13,2015-07-31,{},0,none,42,structural,0.0,0.229533427764488,0.0,,0.1931258574323776,0.0526855944613154,0.229533427764488,0.1685154987244927,0.7224586008699316,0.0260713461641689,1.9217003131831416,0.0261191116464247,0.037297596808991,0.1931258574323776,0.148527964133369,0.7965527791294547,0.0219451839302397,1.6951170239037767,0.0218938452275151,3.322,2310066.295187504,1519.890224716083,1055.71595758719,0.781754228798986,0.2091678457232083,14.749138702608484,0.1862188307403207,noise_a0.25_r1,noise,0.25,1244.7409672395136,noise_a0.25_r1,V3_sales_lagged,,5,,,,,,,,,,,
AR-LRX-Aug [structural],rossmann,V3_sales_lagged,,17,0,589839,119588,129333,2013-01-08,2014-10-23,2014-10-24,2015-03-12,2015-03-13,2015-07-31,"{""colsample_bytree"": 0.8, ""learning_rate"": 0.1, ""max_bin"": 256, ""max_depth"": 6, ""n_estimators"": 300, ""subsample"": 0.8}",88,none,42,structural,1.0,0.229533427764488,10.6472,0.1588253746320505,0.1931258574323776,0.0420637431674246,0.2050944737613002,0.1502436549982038,0.7784132408355593,0.0232954697442818,1.7136131880947778,0.0235733647537005,0.0281344096302788,0.1677331500636617,0.1312794563990821,0.846535221037782,0.0190597721003487,1.4969879069599978,0.0190805854929468,274.011,1789565.071464932,1337.7462657264016,942.4271001871592,0.8309290906715904,0.1841011278156799,13.063380325803625,0.1655704197446004,noise_a0.25_r1,noise,0.25,1022.3619272063856,noise_a0.25_r1,V3_sales_lagged,0.1925962998633162,5,5.0,True,global,1.0,"{""0"": 1.0}",1.0,1.0,0.210736276342709,,,
"LR-XGB (residual, tanpa gerbang)",rossmann,V3_sales_lagged,,17,0,589839,119588,129333,2013-01-08,2014-10-23,2014-10-24,2015-03-12,2015-03-13,2015-07-31,"{""colsample_bytree"": 0.8, ""learning_rate"": 0.1, ""max_bin"": 256, ""max_depth"": 9, ""n_estimators"": 900, ""subsample"": 0.8}",8,none,42,,,,,,,0.0486003073511781,0.220454773936012,0.1612750241998173,0.7439794038899689,0.0250401555050475,1.83781595881034,0.0253627377540291,0.0323483672677974,0.1798565185579812,0.1400318312295137,0.8235493441028718,0.0204373688395894,1.5967792670335668,0.0204973064119459,334.864,2171477.2226052447,1473.593302986019,1009.01650365504,0.7948475668944166,0.2027964465100168,13.921867865210556,0.1805103348001656,noise_a0.25_r1,noise,0.25,1193.77094160212,noise_a0.25_r1,V3_sales_lagged,,5,5.0,,,,,,,,,,
XGBoost,rossmann,V3_sales_lagged,,17,0,589839,119588,129333,2013-01-08,2014-10-23,2014-10-24,2015-03-12,2015-03-13,2015-07-31,"{""colsample_bytree"": 0.8, ""learning_rate"": 0.1, ""max_bin"": 256, ""max_depth"": 9, ""n_estimators"": 900, ""subsample"": 0.8}",8,none,42,,,,,,,0.0477211682104471,0.2184517525918415,0.1601241626352781,0.7486106035498237,0.0248126441427737,1.8253216681287607,0.025157643890859,0.0318764304930732,0.1785397168505461,0.1392426016734941,0.8261236178754146,0.0202877386654972,1.5882854806907007,0.0203662322114518,298.865,2000679.5282834056,1414.4537914981197,997.4158883680452,0.810983846010856,0.1946576454216964,13.845171613825164,0.1791047053637379,noise_a0.25_r1,noise,0.25,1120.4786902196104,noise_a0.25_r1,V3_sales_lagged,,5,,,,,,,,,,,
LightGBM (Zeng),rossmann,V3_sales_lagged,,17,0,589839,119588,129333,2013-01-08,2014-10-23,2014-10-24,2015-03-12,2015-03-13,2015-07-31,"{""colsample_bytree"": 0.8, ""learning_rate"": 0.1, ""n_estimators"": 900, ""num_leaves"": 127, ""subsample"": 0.8}",4,none,42,,,,,,,0.04679049522073,0.216311107483481,0.1584980025853914,0.7535132773516405,0.024569500910094,1.805961615576746,0.0249180782094158,0.0312698579683001,0.1768328531927823,0.1381760249759307,0.8294322893443433,0.020093785160713,1.575792831774664,0.0201814348011989,129.367,1968416.1501290847,1403.0025481548796,991.3533872670444,0.814031960197669,0.1930817211463724,13.741161026261246,0.1780972842038956,noise_a0.25_r1,noise,0.25,1105.6449418622403,noise_a0.25_r1,V3_sales_lagged,,5,,,,,,,,,,,
S1 [structural],rossmann,V3_sales_lagged,,17,0,589839,119588,129333,2013-01-08,2014-10-23,2014-10-24,2015-03-12,2015-03-13,2015-07-31,{},0,none,42,structural,0.0,0.2945887386129813,0.0,,0.2684500329816909,0.0867825249175874,0.2945887386129813,0.2280965363229229,0.6119806385177292,0.0334608899839328,2.600200942426673,0.0334979235202804,0.0720654202078709,0.2684500329816909,0.2116800123166402,0.669889294667618,0.0305070880183788,2.413910177635142,0.0304367992487537,3.408,4849658.34846643,2202.1939852034902,1534.541850727097,0.6366278581815732,0.2979964467053504,20.91171682914701,0.2667984886865495,noise_a0.50_r1,noise,0.5,1259.4676037269764,noise_a0.50_r1,V3_sales_lagged,,5,,,,,,,,,,,
AR-LRX-Aug [structural],rossmann,V3_sales_lagged,,17,0,589839,119588,129333,2013-01-08,2014-10-23,2014-10-24,2015-03-12,2015-03-13,2015-07-31,"{""colsample_bytree"": 0.8, ""learning_rate"": 0.1, ""max_bin"": 256, ""max_depth"": 6, ""n_estimators"": 300, ""subsample"": 0.8}",88,none,42,structural,1.0,0.2945887386129813,4.9567,0.0679563203631486,0.2684500329816909,0.0783925766085523,0.2799867436300375,0.2174855778172406,0.649493517854123,0.0318023209905263,2.479048278577202,0.0320302229160784,0.0648253819037141,0.2546082911134555,0.2019453359485555,0.7030538019212319,0.0289340904932463,2.3015271003523687,0.0289396133450488,306.151,4432996.238385645,2105.4681755812994,1473.5072805468171,0.667847253956642,0.2849077053111868,19.97947763139432,0.2568143484350065,noise_a0.50_r1,noise,0.5,1095.6832035442328,noise_a0.50_r1,V3_sales_lagged,0.069713664255797,5,5.0,True,global,1.0,"{""0"": 1.0}",1.0,1.0,0.285112122201074,,,
"LR-XGB (residual, tanpa gerbang)",rossmann,V3_sales_lagged,,17,0,589839,119588,129333,2013-01-08,2014-10-23,2014-10-24,2015-03-12,2015-03-13,2015-07-31,"{""colsample_bytree"": 0.8, ""learning_rate"": 0.1, ""max_bin"": 256, ""max_depth"": 9, ""n_estimators"": 900, ""subsample"": 0.8}",8,none,42,,,,,,,0.0871346022804299,0.2951857081235979,0.2291901827891747,0.6104064410205692,0.0335286968227568,2.611982621515576,0.0338689029676958,0.0723197856523385,0.268923382494603,0.2126572817108785,0.6687241206348684,0.0305608802086552,2.4240407134631514,0.0306474661561479,340.351,4971170.41684299,2229.612167360725,1550.416239801537,0.6275232785658276,0.3017066197931318,21.01060859366274,0.2769515439702466,noise_a0.50_r1,noise,0.5,1306.367612599014,noise_a0.50_r1,V3_sales_lagged,,5,5.0,,,,,,,,,,
XGBoost,rossmann,V3_sales_lagged,,17,0,589839,119588,129333,2013-01-08,2014-10-23,2014-10-24,2015-03-12,2015-03-13,2015-07-31,"{""colsample_bytree"": 0.8, ""learning_rate"": 0.1, ""max_bin"": 256, ""max_depth"": 9, ""n_estimators"": 900, ""subsample"": 0.8}",8,none,42,,,,,,,0.0865074737652275,0.2941215289046818,0.228865650728308,0.613210438787023,0.0334078219246361,2.6086572726867834,0.0337634532320083,0.0722409273137231,0.2687767239061506,0.2125410159735592,0.6690853477214045,0.0305442136937851,2.42308038060046,0.0306429991090702,321.219,4856473.508096266,2203.7407987547595,1545.2016091265998,0.6361172161994815,0.2982057583940986,20.99945654539522,0.2771402339535116,noise_a0.50_r1,noise,0.5,1265.7496437199532,noise_a0.50_r1,V3_sales_lagged,,5,,,,,,,,,,,
LightGBM (Zeng),rossmann,V3_sales_lagged,,17,0,589839,119588,129333,2013-01-08,2014-10-23,2014-10-24,2015-03-12,2015-03-13,2015-07-31,"{""colsample_bytree"": 0.8, ""learning_rate"": 0.1, ""n_estimators"": 900, ""num_leaves"": 127, ""subsample"": 0.8}",4,none,42,,,,,,,0.0847125479813978,0.2910542011059072,0.2261512733197727,0.6212358558535473,0.0330594192039391,2.576967770504844,0.0334177059056199,0.0704889878476751,0.2654976230546615,0.2104213765205682,0.6771104722703011,0.0301715714661556,2.398603824710716,0.0302838885347466,128.334,4759614.884733524,2181.6541624954043,1531.8965978838696,0.643374578037359,0.2952170393397446,20.79806243781193,0.2738914557846832,noise_a0.50_r1,noise,0.5,1227.8714129568864,noise_a0.50_r1,V3_sales_lagged,,5,,,,,,,,,,,
S1 [structural],rossmann,V3_sales_lagged,,17,0,589839,119588,129333,2013-01-08,2014-10-23,2014-10-24,2015-03-12,2015-03-13,2015-07-31,{},0,none,42,structural,0.0,0.2021597443509143,0.0,,0.1725919934826242,0.040868562236027,0.2021597443509143,0.1397229529330875,0.7714470001850613,0.0229611805809938,1.5939818702559667,0.0230960824293354,0.0297879962143061,0.1725919934826242,0.1262531743623425,0.8297724582007839,0.019588589804062,1.439424713673917,0.019475260293893,3.456,1911083.5260225784,1382.419446485971,904.6043168562476,0.8145390368774356,0.1890065750375461,12.543466637386375,0.1624387069004968,spike,spike,1.5,1240.6364163535145,spike,V3_sales_lagged,,5,,,,,,,,,3856.2597811242495,1250.9980551253598,3364.0
AR-LRX-Aug [structural],rossmann,V3_sales_lagged,,17,0,589839,119588,129333,2013-01-08,2014-10-23,2014-10-24,2015-03-12,2015-03-13,2015-07-31,"{""colsample_bytree"": 0.8, ""learning_rate"": 0.1, ""max_bin"": 256, ""max_depth"": 6, ""n_estimators"": 900, ""subsample"": 0.8}",88,none,42,structural,0.9000000000000002,0.2021597443509143,15.7997,0.2384941907909332,0.1725919934826242,0.0289745502549509,0.1702191242338854,0.1126621992653638,0.8379629716158691,0.0193333844105407,1.286833492685899,0.0197431012284782,0.0163743859265943,0.1279624395148605,0.0951597672421776,0.9064263522560422,0.0145232909557653,1.0840068842702777,0.0145288403019794,311.425,1097606.2151779386,1047.667034499959,690.85169097842,0.8934828839114758,0.1432386953713107,9.482723275985265,0.1249126738044334,spike,spike,1.5,1013.8639121192568,spike,V3_sales_lagged,0.3849056265802485,5,5.0,True,global,1.0,"{""0"": 0.9}",0.9,0.9,0.1769415445296938,2703.428198518733,965.2687505758488,3364.0
"LR-XGB (residual, tanpa gerbang)",rossmann,V3_sales_lagged,,17,0,589839,119588,129333,2013-01-08,2014-10-23,2014-10-24,2015-03-12,2015-03-13,2015-07-31,"{""colsample_bytree"": 0.8, ""learning_rate"": 0.1, ""max_bin"": 256, ""max_depth"": 9, ""n_estimators"": 900, ""subsample"": 0.8}",8,none,42,,,,,,,0.0355443294178819,0.188532038173574,0.1233842053043102,0.8012221945085719,0.0214133540171677,1.4072222625409545,0.0218572953591978,0.01910920417935,0.1382360451523048,0.1018195319280228,0.8907978626763824,0.0156893093936997,1.1597787344073556,0.0157475654216926,343.31,1458384.024166271,1207.6357166655312,745.1095720800414,0.8584712274259632,0.1651098668209315,10.137971375694972,0.1399974855142572,spike,spike,1.5,1273.253732185103,spike,V3_sales_lagged,,5,5.0,,,,,,,,3452.993492999613,1085.7818618081412,3364.0
XGBoost,rossmann,V3_sales_lagged,,17,0,589839,119588,129333,2013-01-08,2014-10-23,2014-10-24,2015-03-12,2015-03-13,2015-07-31,"{""colsample_bytree"": 0.8, ""learning_rate"": 0.1, ""max_bin"": 256, ""max_depth"": 9, ""n_estimators"": 900, ""subsample"": 0.8}",8,none,42,,,,,,,0.0341768306384949,0.1848697666967072,0.1212367202282135,0.8088697830502761,0.0209973954543641,1.3831941557922345,0.0214656449498252,0.0187567099975374,0.1369551386313688,0.101054505014643,0.8928122384550279,0.0155439309673332,1.1518437388033882,0.0156264031130687,298.458,1213295.1883969756,1101.4967945468454,730.4349560545555,0.8822558558388107,0.1505983853752506,10.06315275113034,0.1375513854192102,spike,spike,1.5,1104.9115931284382,spike,V3_sales_lagged,,5,,,,,,,,,2613.6914930501207,1031.1470521488743,3364.0
LightGBM (Zeng),rossmann,V3_sales_lagged,,17,0,589839,119588,129333,2013-01-08,2014-10-23,2014-10-24,2015-03-12,2015-03-13,2015-07-31,"{""colsample_bytree"": 0.8, ""learning_rate"": 0.1, ""n_estimators"": 900, ""num_leaves"": 127, ""subsample"": 0.8}",4,none,42,,,,,,,0.0341463327242448,0.1847872634253909,0.1205896922066936,0.8090403393265091,0.0209880247830798,1.3751815587841183,0.0214666103665858,0.0183477502488593,0.1354538676039166,0.1002156776692494,0.8951492943688077,0.0153735419374131,1.1419367535057672,0.0154640172143683,124.478,1192966.4164630591,1092.2300199422552,726.211637689587,0.8842286600468036,0.1493314172823822,9.980939374926775,0.1370128905688293,spike,spike,1.5,1105.9757663521093,spike,V3_sales_lagged,,5,,,,,,,,,2552.098215397269,1025.1290297536286,3364.0
S1 [structural],rossmann,V3_sales_lagged,,17,0,589839,119588,129333,2013-01-08,2014-10-23,2014-10-24,2015-03-12,2015-03-13,2015-07-31,{},0,none,42,structural,0.0,0.2021597443509143,0.0,,0.1924961723816288,0.040868562236027,0.2021597443509143,0.1397229529330875,0.7714470001850613,0.0229611805809938,1.5939818702559667,0.0230960824293354,0.0370547763815777,0.1924961723816288,0.1423138912896903,0.7937400500882696,0.0217902232828225,1.6174083486305626,0.0215476521912916,3.316,2569607.0932659656,1602.99940526064,1050.4212811931334,0.7721039666032201,0.2135789522019416,14.123447227802975,0.1750651667536432,level,level,1.3,1240.6364163535145,level,V3_sales_lagged,,5,,,,,,,,,3069.272261009928,1248.0427570443603,16646.0
AR-LRX-Aug [structural],rossmann,V3_sales_lagged,,17,0,589839,119588,129333,2013-01-08,2014-10-23,2014-10-24,2015-03-12,2015-03-13,2015-07-31,"{""colsample_bytree"": 0.8, ""learning_rate"": 0.1, ""max_bin"": 256, ""max_depth"": 6, ""n_estimators"": 900, ""subsample"": 0.8}",88,none,42,structural,0.9000000000000002,0.2021597443509143,15.7997,0.2384941907909332,0.1924961723816288,0.0289745502549509,0.1702191242338854,0.1126621992653638,0.8379629716158691,0.0193333844105407,1.286833492685899,0.0197431012284782,0.0180371078056015,0.1343023000756187,0.1002412042519476,0.8995990985284837,0.015202780760973,1.1381260741830868,0.0151417990749407,310.326,1332750.6089270758,1154.448183734149,752.4318694977306,0.8817996034967411,0.1538152993969974,9.986654582060243,0.1280350510960972,level,level,1.3,1056.5430373846618,level,V3_sales_lagged,0.4190993594566303,5,5.0,True,global,1.0,"{""0"": 0.9}",0.9,0.9,0.1769415445296938,2046.1986563514936,954.5336648204944,16646.0
"LR-XGB (residual, tanpa gerbang)",rossmann,V3_sales_lagged,,17,0,589839,119588,129333,2013-01-08,2014-10-23,2014-10-24,2015-03-12,2015-03-13,2015-07-31,"{""colsample_bytree"": 0.8, ""learning_rate"": 0.1, ""max_bin"": 256, ""max_depth"": 9, ""n_estimators"": 900, ""subsample"": 0.8}",8,none,42,,,,,,,0.0355443294178819,0.188532038173574,0.1233842053043102,0.8012221945085719,0.0214133540171677,1.4072222625409545,0.0218572953591978,0.0194338519140252,0.1394053510953766,0.1034493191950702,0.8918243283645434,0.0157804370320998,1.174343903485398,0.0157888005574816,339.515,1663914.1425812915,1289.927960229288,784.7299620146863,0.8524290215415312,0.1718662285573112,10.30086262207189,0.1391867015199855,level,level,1.3,1401.9143563914056,level,V3_sales_lagged,,5,5.0,,,,,,,,2303.211482581443,1061.173392994413,16646.0
XGBoost,rossmann,V3_sales_lagged,,17,0,589839,119588,129333,2013-01-08,2014-10-23,2014-10-24,2015-03-12,2015-03-13,2015-07-31,"{""colsample_bytree"": 0.8, ""learning_rate"": 0.1, ""max_bin"": 256, ""max_depth"": 9, ""n_estimators"": 900, ""subsample"": 0.8}",8,none,42,,,,,,,0.0341768306384949,0.1848697666967072,0.1212367202282135,0.8088697830502761,0.0209973954543641,1.3831941557922345,0.0214656449498252,0.019023876156851,0.1379270682529396,0.1025789443640015,0.8941063979760012,0.0156130980517277,1.1652715352779968,0.0156480572464627,302.766,1361821.3044252885,1166.9709955372878,767.3068555926344,0.879221350887815,0.1554838022141283,10.215811524565227,0.1365112530293338,level,level,1.3,1188.7698950096806,level,V3_sales_lagged,,5,,,,,,,,,1891.924196551664,1016.9790488139356,16646.0
LightGBM (Zeng),rossmann,V3_sales_lagged,n/a,17,0,589839,119588,129333,2013-01-08,2014-10-23,2014-10-24,2015-03-12,2015-03-13,2015-07-31,"{""colsample_bytree"": 0.8, ""learning_rate"": 0.1, ""n_estimators"": 900, ""num_leaves"": 127, ""subsample"": 0.8}",4,none,42,,,,,,,0.03414633272424484,0.18478726342539098,0.12058969220669369,0.8090403393265091,0.020988024783079894,1.3751815587841183,0.021466610366585866,0.01830485917019104,0.13529545140244384,0.1011169922094038,0.8981087000308563,0.015315203719296814,1.148520927598763,0.01537072625565517,122.603,1306770.0881907188,1143.1404498970014,756.979217031219,0.8841037914159429,0.15230869001411765,10.072454614064169,0.13517772552321192,level,level,1.3,1195.796247816313,level,V3_sales_lagged,,5,,,,,,,,,1808.86786170901,1008.2004004194132,16646.0
