granularity,category,feature_set,reference,duplicate_of_A_lag1,block,point_pct,ci_lo_pct,ci_hi_pct,p_boot,ci_excludes_zero
daily,M01AB,A_lag1,Naive,False,7,-28.957376868966378,-32.03023146961469,-25.47965728873986,0.0005,True
daily,M01AB,A_lag1,S1 [linear],False,7,1.283771179085269,-0.03368403462253615,2.63287360934481,0.058,False
daily,M01AB,A_lag1,XGBoost,False,7,-2.25191712831202,-3.692125417339092,-0.8934386323378443,0.0005,True
daily,M01AB,A_lag1,"LR-XGB (residual, tanpa gerbang)",False,7,-2.6036071774596214,-4.10847771104523,-1.1066724719065608,0.0005,True
daily,M01AB,B_rich,Naive,True,7,-28.957376868966378,-32.22828720524457,-25.51236347868078,0.0005,True
daily,M01AB,B_rich,S1 [linear],True,7,1.283771179085269,0.03321400819239485,2.6830132608179493,0.047,True
daily,M01AB,B_rich,XGBoost,True,7,-2.25191712831202,-3.700653095146643,-0.9900742465951959,0.001,True
daily,M01AB,B_rich,"LR-XGB (residual, tanpa gerbang)",True,7,-2.6036071774596214,-4.104746980503578,-1.2242368193090547,0.0005,True
daily,M01AE,A_lag1,Naive,False,7,-18.552474535900608,-24.770644155331805,-12.05197734549391,0.0005,True
daily,M01AE,A_lag1,S1 [linear],False,7,0.0,0.0,0.0,1.0,False
daily,M01AE,A_lag1,XGBoost,False,7,0.6757933800186411,-0.7870460676650162,2.156442692975038,0.379,False
daily,M01AE,A_lag1,"LR-XGB (residual, tanpa gerbang)",False,7,0.8545798286074158,-0.6802253924731818,2.399067132036446,0.274,False
daily,M01AE,B_rich,Naive,False,7,-22.8961178649696,-27.65583940268554,-17.272665369772017,0.0005,True
daily,M01AE,B_rich,S1 [linear],False,7,-0.1971275094577729,-0.40956784280350156,0.014404739987824412,0.077,False
daily,M01AE,B_rich,XGBoost,False,7,-1.713052507691526,-3.7570663896937586,0.10233492932034281,0.069,False
daily,M01AE,B_rich,"LR-XGB (residual, tanpa gerbang)",False,7,0.7563933996758587,-1.1190536495099472,2.5918673473651137,0.507,False
daily,N02BA,A_lag1,Naive,False,7,-22.805010500171853,-27.107555510792377,-17.354293330869183,0.0005,True
daily,N02BA,A_lag1,S1 [linear],False,7,-0.22919692915299716,-0.9078964402989028,0.3945578564804715,0.477,False
daily,N02BA,A_lag1,XGBoost,False,7,-0.5953960740453734,-1.7811053694678511,0.5396402982766721,0.369,False
daily,N02BA,A_lag1,"LR-XGB (residual, tanpa gerbang)",False,7,-0.20729884740775528,-1.184805878335664,0.7969556440733646,0.764,False
daily,N02BA,B_rich,Naive,True,7,-22.805010500171853,-27.129109524984973,-17.679017800497494,0.0005,True
daily,N02BA,B_rich,S1 [linear],True,7,-0.22919692915299716,-0.8589814632759326,0.37269767795820186,0.442,False
daily,N02BA,B_rich,XGBoost,True,7,-0.5953960740453734,-1.7694487670688435,0.5199894221332784,0.326,False
daily,N02BA,B_rich,"LR-XGB (residual, tanpa gerbang)",True,7,-0.20729884740775528,-1.2014881821724521,0.7473426347042603,0.72,False
daily,N02BE,A_lag1,Naive,False,7,-12.344268825743775,-17.72603813884726,-5.98632174019942,0.0005,True
daily,N02BE,A_lag1,S1 [linear],False,7,0.0,0.0,0.0,1.0,False
daily,N02BE,A_lag1,XGBoost,False,7,0.5226047840168002,-1.9980284540471607,3.420883305535544,0.751,False
daily,N02BE,A_lag1,"LR-XGB (residual, tanpa gerbang)",False,7,0.800620715324829,-1.4254219459422248,3.259651198045438,0.528,False
daily,N02BE,B_rich,Naive,True,7,-12.344268825743775,-17.543809914838857,-6.292140695799318,0.0005,True
daily,N02BE,B_rich,S1 [linear],True,7,0.0,0.0,0.0,1.0,False
daily,N02BE,B_rich,XGBoost,True,7,0.5226047840168002,-2.0059545347474277,3.498856042318997,0.732,False
daily,N02BE,B_rich,"LR-XGB (residual, tanpa gerbang)",True,7,0.800620715324829,-1.4077820315061054,3.348210922163051,0.534,False
daily,N05B,A_lag1,Naive,False,7,-24.791347309427348,-27.34608530952465,-21.937381830302513,0.0005,True
daily,N05B,A_lag1,S1 [linear],False,7,0.04985499143177474,-0.23511888759337185,0.3576709443124813,0.749,False
daily,N05B,A_lag1,XGBoost,False,7,-0.5030482046190055,-2.0773042618085116,0.9213273730520923,0.483,False
daily,N05B,A_lag1,"LR-XGB (residual, tanpa gerbang)",False,7,-1.2253850024868451,-2.70929482033616,0.16764436795434529,0.092,False
daily,N05B,B_rich,Naive,True,7,-24.791347309427348,-27.172838543870668,-21.802713729648232,0.0005,True
daily,N05B,B_rich,S1 [linear],True,7,0.04985499143177474,-0.25517723183374613,0.37249447658205626,0.748,False
daily,N05B,B_rich,XGBoost,True,7,-0.5030482046190055,-2.081012418377769,1.0080940203416178,0.489,False
daily,N05B,B_rich,"LR-XGB (residual, tanpa gerbang)",True,7,-1.2253850024868451,-2.725036753197309,0.2942173762766808,0.117,False
daily,N05C,A_lag1,Naive,False,7,-31.099013221220815,-34.68975190614101,-27.15329217652135,0.0005,True
daily,N05C,A_lag1,S1 [linear],False,7,0.0,0.0,0.0,1.0,False
daily,N05C,A_lag1,XGBoost,False,7,0.038269112711741826,-0.23744647290107251,0.29896420797298573,0.779,False
daily,N05C,A_lag1,"LR-XGB (residual, tanpa gerbang)",False,7,0.006311323008567626,-0.28666710081333924,0.28548216455316466,0.954,False
daily,N05C,B_rich,Naive,False,7,-30.858451901972217,-34.30470781954791,-26.915442152358917,0.0005,True
daily,N05C,B_rich,S1 [linear],False,7,0.18693038921020477,-0.502489456696007,0.9741780476810838,0.604,False
daily,N05C,B_rich,XGBoost,False,7,-0.9209100475187193,-2.523113092303291,0.5349158488148752,0.215,False
daily,N05C,B_rich,"LR-XGB (residual, tanpa gerbang)",False,7,-1.0424013085448491,-2.6188539485275073,0.33213824504159206,0.142,False
daily,R03,A_lag1,Naive,False,7,-23.388508791323627,-28.13434075397552,-17.512557371614424,0.0005,True
daily,R03,A_lag1,S1 [linear],False,7,0.7117797072782484,-0.31126430300170815,1.752488143272833,0.19,False
daily,R03,A_lag1,XGBoost,False,7,-0.5225072065908165,-1.0648878835885423,0.028147617108211623,0.058,False
daily,R03,A_lag1,"LR-XGB (residual, tanpa gerbang)",False,7,-0.5867445103589275,-1.0251562704007033,-0.1560685972146073,0.008,True
daily,R03,B_rich,Naive,True,7,-23.388508791323627,-28.38590535063312,-17.565062820316367,0.0005,True
daily,R03,B_rich,S1 [linear],True,7,0.7117797072782484,-0.3743658756976842,1.7905120070194702,0.196,False
daily,R03,B_rich,XGBoost,True,7,-0.5225072065908165,-1.0911984666419843,0.08009775968089143,0.093,False
daily,R03,B_rich,"LR-XGB (residual, tanpa gerbang)",True,7,-0.5867445103589275,-1.0304182787468086,-0.11917401853318679,0.005,True
daily,R06,A_lag1,Naive,False,7,-15.39734531739525,-20.030756807935397,-10.597710511093249,0.0005,True
daily,R06,A_lag1,S1 [linear],False,7,0.0,0.0,0.0,1.0,False
daily,R06,A_lag1,XGBoost,False,7,-0.08669454303729118,-1.6268977732428116,1.3653038702157294,0.874,False
daily,R06,A_lag1,"LR-XGB (residual, tanpa gerbang)",False,7,0.07151667910045845,-1.4848672087782837,1.497288598603117,0.977,False
daily,R06,B_rich,Naive,True,7,-15.39734531739525,-20.168635919310354,-10.439300909527905,0.0005,True
daily,R06,B_rich,S1 [linear],True,7,0.0,0.0,0.0,1.0,False
daily,R06,B_rich,XGBoost,True,7,-0.08669454303729118,-1.6353073282013983,1.3291607787335722,0.819,False
daily,R06,B_rich,"LR-XGB (residual, tanpa gerbang)",True,7,0.07151667910045845,-1.4747748809340204,1.513287561347084,0.993,False
weekly,M01AB,A_lag1,Naive,False,4,-20.157111955240236,-29.93574546527929,-9.987639880556024,0.0005,True
weekly,M01AB,A_lag1,S1 [linear],False,4,0.0,0.0,0.0,1.0,False
weekly,M01AB,A_lag1,XGBoost,False,4,-1.8805982723273829,-8.015761651745338,4.147814298000147,0.532,False
weekly,M01AB,A_lag1,"LR-XGB (residual, tanpa gerbang)",False,4,-2.1911210284844884,-8.97189351701517,4.067885647032082,0.465,False
weekly,M01AB,B_rich,Naive,False,4,-20.596352390554664,-31.87811288228247,-8.129855795626725,0.002,True
weekly,M01AB,B_rich,S1 [linear],False,4,0.0,0.0,0.0,1.0,False
weekly,M01AB,B_rich,XGBoost,False,4,-4.265262794751024,-10.40294758962171,0.9565639950949587,0.118,False
weekly,M01AB,B_rich,"LR-XGB (residual, tanpa gerbang)",False,4,-8.872406753028073,-16.139051672020997,-2.457458518131229,0.005,True
weekly,M01AE,A_lag1,Naive,False,4,-7.553973888887366,-23.737924635337496,15.084278637498858,0.445,False
weekly,M01AE,A_lag1,S1 [linear],False,4,-0.31534111134067233,-1.1547535387827572,0.9079257794267096,0.639,False
weekly,M01AE,A_lag1,XGBoost,False,4,-4.605362816761637,-8.634149792147598,-0.2553993472848616,0.04,True
weekly,M01AE,A_lag1,"LR-XGB (residual, tanpa gerbang)",False,4,-0.5737620813683564,-5.335168454214724,2.60300600099576,0.691,False
weekly,M01AE,B_rich,Naive,True,4,-7.553973888887366,-23.81081914960863,17.047851725319884,0.46,False
weekly,M01AE,B_rich,S1 [linear],True,4,-0.31534111134067233,-1.2267950708276834,0.9604073045739425,0.613,False
weekly,M01AE,B_rich,XGBoost,True,4,-4.605362816761637,-8.646978838819592,-0.1530817899500311,0.043,True
weekly,M01AE,B_rich,"LR-XGB (residual, tanpa gerbang)",True,4,-0.5737620813683564,-5.248350332004577,2.7056933043766276,0.71,False
weekly,N02BA,A_lag1,Naive,False,4,9.779254533708404,-5.704809271675847,25.28152203130608,0.228,False
weekly,N02BA,A_lag1,S1 [linear],False,4,-0.24013819916594015,-2.723003117971596,2.707839369736523,0.856,False
weekly,N02BA,A_lag1,XGBoost,False,4,-4.357428397302399,-10.596660599470905,0.4784192987922716,0.096,False
weekly,N02BA,A_lag1,"LR-XGB (residual, tanpa gerbang)",False,4,-0.5763282886049326,-10.884289512303962,8.328774683154709,0.982,False
weekly,N02BA,B_rich,Naive,True,4,9.779254533708404,-5.654546168792003,25.77917495744422,0.239,False
weekly,N02BA,B_rich,S1 [linear],True,4,-0.24013819916594015,-3.0021602842054467,2.900701594951475,0.866,False
weekly,N02BA,B_rich,XGBoost,True,4,-4.357428397302399,-10.101068070518703,0.5144649167567387,0.11,False
weekly,N02BA,B_rich,"LR-XGB (residual, tanpa gerbang)",True,4,-0.5763282886049326,-9.947254533702036,8.533147335622115,0.99,False
weekly,N02BE,A_lag1,Naive,False,4,-4.196861425428233,-11.752375096789647,3.9207857649527025,0.282,False
weekly,N02BE,A_lag1,S1 [linear],False,4,0.0,0.0,0.0,1.0,False
weekly,N02BE,A_lag1,XGBoost,False,4,5.376904201038135,-3.982518685860095,19.634137358726825,0.331,False
weekly,N02BE,A_lag1,"LR-XGB (residual, tanpa gerbang)",False,4,4.2284310638702305,-4.275619064029443,15.478829551687062,0.387,False
weekly,N02BE,B_rich,Naive,True,4,-4.196861425428233,-13.297424653222052,5.088417308800475,0.298,False
weekly,N02BE,B_rich,S1 [linear],True,4,0.0,0.0,0.0,1.0,False
weekly,N02BE,B_rich,XGBoost,True,4,5.376904201038135,-4.118869063578055,18.006623762665104,0.328,False
weekly,N02BE,B_rich,"LR-XGB (residual, tanpa gerbang)",True,4,4.2284310638702305,-4.192077660140197,14.679988941375075,0.402,False
weekly,N05B,A_lag1,Naive,False,4,-16.285433716396913,-21.350838888985535,-9.774864593653641,0.0005,True
weekly,N05B,A_lag1,S1 [linear],False,4,0.0,0.0,0.0,1.0,False
weekly,N05B,A_lag1,XGBoost,False,4,-5.036252439319067,-13.938574254132819,3.131911020393831,0.243,False
weekly,N05B,A_lag1,"LR-XGB (residual, tanpa gerbang)",False,4,-4.4546205412400175,-12.1097309319333,3.1705419179872725,0.265,False
weekly,N05B,B_rich,Naive,True,4,-16.285433716396913,-21.34820716545959,-9.710875238282526,0.0005,True
weekly,N05B,B_rich,S1 [linear],True,4,0.0,0.0,0.0,1.0,False
weekly,N05B,B_rich,XGBoost,True,4,-5.036252439319067,-14.39014662578571,3.848273444628127,0.249,False
weekly,N05B,B_rich,"LR-XGB (residual, tanpa gerbang)",True,4,-4.4546205412400175,-12.614535390175192,3.575700147246258,0.255,False
weekly,N05C,A_lag1,Naive,False,4,-26.730606335405906,-34.780368443451096,-16.948062264097796,0.0005,True
weekly,N05C,A_lag1,S1 [linear],False,4,0.0,0.0,0.0,1.0,False
weekly,N05C,A_lag1,XGBoost,False,4,-5.0478707713832005,-9.215204101974878,0.4327516242657144,0.076,False
weekly,N05C,A_lag1,"LR-XGB (residual, tanpa gerbang)",False,4,-5.361693294252257,-9.752396059549588,0.36926533470970546,0.066,False
weekly,N05C,B_rich,Naive,False,4,-23.81181542715618,-34.371088402075436,-10.038137111772627,0.0005,True
weekly,N05C,B_rich,S1 [linear],False,4,4.481690208040656,-2.9806859149152474,12.172866097338854,0.243,False
weekly,N05C,B_rich,XGBoost,False,4,5.61598397894989,0.34563905122855565,10.914366496077992,0.035,True
weekly,N05C,B_rich,"LR-XGB (residual, tanpa gerbang)",False,4,-4.092733935364579,-6.35015417036666,-1.706393787812584,0.003,True
weekly,R03,A_lag1,Naive,False,4,-8.474252040156937,-22.57303843233774,4.95971099291039,0.156,False
weekly,R03,A_lag1,S1 [linear],False,4,0.0,0.0,0.0,1.0,False
weekly,R03,A_lag1,XGBoost,False,4,-0.070024170036731,-5.1433528980608445,5.155316960131295,0.999,False
weekly,R03,A_lag1,"LR-XGB (residual, tanpa gerbang)",False,4,3.1408023130366836,-3.1083714881506985,8.589606468525405,0.322,False
weekly,R03,B_rich,Naive,True,4,-8.474252040156937,-22.733341463855187,5.749949552115389,0.192,False
weekly,R03,B_rich,S1 [linear],True,4,0.0,0.0,0.0,1.0,False
weekly,R03,B_rich,XGBoost,True,4,-0.070024170036731,-5.359937451366862,5.064831986558166,0.971,False
weekly,R03,B_rich,"LR-XGB (residual, tanpa gerbang)",True,4,3.1408023130366836,-3.489766672882269,8.528992695352283,0.313,False
weekly,R06,A_lag1,Naive,False,4,-5.165740853906398,-14.52725903027862,4.912449459776082,0.271,False
weekly,R06,A_lag1,S1 [linear],False,4,0.0,0.0,0.0,1.0,False
weekly,R06,A_lag1,XGBoost,False,4,-9.227270961239132,-21.633078687049565,4.651216555142232,0.211,False
weekly,R06,A_lag1,"LR-XGB (residual, tanpa gerbang)",False,4,-10.21918964809353,-22.663642158350026,3.966901822648844,0.175,False
weekly,R06,B_rich,Naive,True,4,-5.165740853906398,-14.080736054544618,5.255026511119046,0.269,False
weekly,R06,B_rich,S1 [linear],True,4,0.0,0.0,0.0,1.0,False
weekly,R06,B_rich,XGBoost,True,4,-9.227270961239132,-21.603629836920767,5.079212682925672,0.205,False
weekly,R06,B_rich,"LR-XGB (residual, tanpa gerbang)",True,4,-10.21918964809353,-22.59311900187763,4.117697383734659,0.166,False
