category,variant,paper_rmse,rmse_LR,rmse_XGB,rmse_hybrid_avg,rmse_naive
M01AB,leaky,0.57,1.1743191264350944e-14,0.6245659213077258,0.31228296065386274,4.090900461648043
M01AB,shifted,0.57,2.820677165062729,2.9265182999232584,2.844007932039682,4.090900461648043
M01AE,leaky,0.47,8.356170848517339e-15,0.6282370434461233,0.31411852172306287,2.8383771830771343
M01AE,shifted,0.47,2.164071563894767,2.1854666188770864,2.1486903965691146,2.8383771830771343
N02BA,leaky,0.68,7.498082632318895e-15,0.35759981794974643,0.17879990897487322,2.745912562250057
N02BA,shifted,0.68,2.0353859471657527,2.1061683116087684,2.047425105275845,2.745912562250057
N02BE,leaky,1.3,3.7457514202279863e-14,3.6047023685265747,1.8023511842632813,16.188645134880886
N02BE,shifted,1.3,12.57834916356591,13.154353431973368,12.658198679001048,16.188645134880886
N05B,leaky,0.79,1.9441748200789282e-14,0.5393873244279423,0.26969366221397073,5.606125187519311
N05B,shifted,0.79,4.2485683139289145,4.441279392698508,4.306270596677998,5.606125187519311
N05C,leaky,0.54,5.559233204533372e-15,0.1054867843657191,0.052743392182859325,1.627625472215367
N05C,shifted,0.54,1.1177477974596637,1.1283723021074454,1.117035061128018,1.627625472215367
R03,leaky,1.79,1.4680988180060606e-14,2.03372718770247,1.016863593851236,11.115034651019068
R03,shifted,1.79,8.097180453955806,8.521750923522522,8.205609245986928,11.115034651019068
R06,leaky,0.03,1.666060430202224e-13,0.5007231352920882,0.25036156764604717,2.88437027537061
R06,shifted,0.03,2.1511027691587805,2.269359436062038,2.180648752364574,2.88437027537061
