granularity,split,category,k,variant,rmse_LR,rmse_XGB,rmse_hybrid_avg,rmse_naive
daily,80/20,M01AB,14,A_leaky,2.1113190324325054e-14,2.1765020981972323,1.0882510490986186,4.090900461648043
daily,80/20,M01AB,14,B_shifted,2.8071017880204256,2.8222348921878053,2.808468751446795,4.090900461648043
daily,80/20,M01AE,14,A_leaky,1.7296246109374205e-14,1.8453978794725965,0.9226989397362981,2.8383771830771343
daily,80/20,M01AE,14,B_shifted,2.1485089558499277,2.182310654753863,2.1599463907915215,2.8383771830771343
daily,80/20,N02BA,7,A_leaky,6.26901992493561e-15,0.7633444764957813,0.381672238247891,2.7465454492438144
daily,80/20,N02BA,7,B_shifted,2.07394957310865,2.0814345518525794,2.0754932745793955,2.7465454492438144
daily,80/20,N02BE,7,A_leaky,5.3620145654161645e-14,7.410648307796985,3.7053241538984976,16.199375716660313
daily,80/20,N02BE,7,B_shifted,12.64260751458564,12.809020374863179,12.657770988507643,16.199375716660313
daily,80/20,N05B,1,A_leaky,1.4997013508586582e-15,0.04718420507181791,0.02359210253590912,5.603824618623832
daily,80/20,N05B,1,B_shifted,4.252096207710519,4.249739655966443,4.242304638104325,5.603824618623832
daily,80/20,N05C,4,A_leaky,1.4417088035427236e-14,0.11520119754314902,0.05760059877157537,1.626677829225877
daily,80/20,N05C,4,B_shifted,1.1154400426532445,1.1157014576984348,1.1148527256647136,1.626677829225877
daily,80/20,R03,15,A_leaky,1.0597577124131119e-13,7.219550233240395,3.6097751166201957,11.115034651019068
daily,80/20,R03,15,B_shifted,8.046801518577256,8.243031701891363,8.104327478595202,11.115034651019068
daily,80/20,R06,3,A_leaky,6.0473640192502435e-15,0.3663547688523166,0.18317738442615844,2.8878108155509947
daily,80/20,R06,3,B_shifted,2.227700247046831,2.233434551114749,2.2238947061872083,2.8878108155509947
weekly,80/20,M01AB,2,A_leaky,1.1133568321689516e-14,1.6130507814679735,0.8065253907339874,10.047427448522997
weekly,80/20,M01AB,2,B_shifted,7.922444857548476,8.242044443176367,8.023126190035603,10.047427448522997
weekly,80/20,M01AE,1,A_leaky,3.4058970845498315e-15,1.22496300471018,0.6124815023550904,9.126402345420226
weekly,80/20,M01AE,1,B_shifted,8.415771677745616,8.889431482886648,8.618520735653373,9.126402345420226
weekly,80/20,N02BA,1,A_leaky,7.960371557749395e-16,0.9343426035075902,0.4671713017537951,6.743801039400287
weekly,80/20,N02BA,1,B_shifted,7.370349266514557,8.191579574857233,7.739100219357243,6.743801039400287
weekly,80/20,N02BE,1,A_leaky,2.44790505629666e-14,7.21432434853731,3.6071621742686513,52.276894881572844
weekly,80/20,N02BE,1,B_shifted,49.59722959441344,49.72800939585787,49.028822055418274,52.276894881572844
weekly,80/20,N05B,1,A_leaky,3.085135239596647e-15,0.26110744709301653,0.1305537235465088,16.18908760174733
weekly,80/20,N05B,1,B_shifted,13.316202465926425,13.414291682244189,13.218812716021638,16.18908760174733
weekly,80/20,N05C,10,A_leaky,6.241856331810305e-14,2.4398990023553466,1.2199495011776726,3.777722387984322
weekly,80/20,N05C,10,B_shifted,2.8383431692370205,2.7881422355355814,2.7956412068558607,3.777722387984322
weekly,80/20,R03,1,A_leaky,1.3025734349834319e-14,8.521868132094191,4.260934066047099,30.072321940598894
weekly,80/20,R03,1,B_shifted,28.22305471376052,31.07036527471187,29.13840534428866,30.072321940598894
weekly,80/20,R06,1,A_leaky,4.130170555350006e-15,0.8973557095799511,0.44867785478997646,8.889222614409238
weekly,80/20,R06,1,B_shifted,8.371254770545466,8.84203812052333,8.510128500929358,8.889222614409238
